Time,Thermistor,Potentiometer
0,454,2
1,454,7
2,454,12
3,454,16
4,454,23
5,455,29
6,454,32
7,455,37
8,454,40
9,455,50
10,455,60
11,454,70
12,455,83
13,454,94
14,455,109
15,455,123
16,454,135
17,454,146
18,454,155
19,454,166
20,454,174
21,455,185
22,455,195
23,455,205
24,454,212
25,455,220
26,454,228
27,455,232
28,454,238
29,455,246
30,454,254
31,454,260
32,455,266
33,454,272
34,455,278
35,455,285
36,454,295
37,455,303
38,455,312
39,455,324
40,455,335
41,454,346
42,455,359
43,454,372
44,455,380
45,455,392
46,455,403
47,455,412
48,455,420
49,455,425
50,455,429
51,455,434
52,455,437
53,455,439
54,455,439
55,455,439
56,455,439
57,455,440
58,455,440
59,455,441
60,455,442
61,455,443
62,455,448
63,455,453
64,455,459
65,455,465
66,455,470
67,455,478
68,455,489
69,455,497
70,455,503
71,455,503
72,455,504
73,455,506
74,455,506
75,455,506
76,455,506
77,455,507
78,455,506
79,455,506
80,455,507
81,455,506
82,454,506
83,455,506
84,455,506
85,455,506
86,455,506
87,455,506
88,455,506
89,455,506
90,455,507
91,455,507
92,455,506
93,455,506
94,455,507
95,455,506
96,455,506
97,455,506
98,455,507
99,455,506
100,455,506
101,455,507
102,455,506
103,455,506
104,455,506
105,455,506
106,455,506
107,456,507
108,455,506
109,455,506
110,456,506
111,455,506
112,455,506
113,456,506
114,455,506
115,455,506
116,455,506
117,456,507
118,455,506
119,455,506
120,456,506
121,456,506
122,455,506
123,456,506
124,455,506
125,455,506
126,455,506
127,455,506
128,455,506
129,455,506
130,456,506
131,456,506
132,455,506
133,455,506
134,455,506
135,455,507
136,455,506
137,456,506
138,456,507
139,455,506
140,456,506
141,456,506
142,455,506
143,456,506
144,456,506
145,455,506
146,455,506
147,455,506
148,456,507
149,455,506
150,455,506
151,456,507
152,455,507
153,455,506
154,456,506
155,456,506
156,456,506
157,456,506
158,456,507
159,456,507
160,455,506
161,456,506
162,456,507
163,455,506
164,456,506
165,456,506
166,456,507
167,455,506
168,456,506
169,456,507
170,456,506
171,456,506
172,456,506
173,456,506
174,456,506
175,456,506
176,455,506
177,456,506
178,456,506
179,455,506
180,456,506
181,456,506
182,456,507
183,456,506
184,456,506
185,456,507
186,456,506
187,456,506
188,456,506
189,456,506
190,456,506
191,456,506
192,456,507
193,456,507
194,456,506
195,456,506
196,456,506
197,456,506
198,456,506
199,456,506
200,456,506
201,456,506
202,456,506
203,456,507
204,456,506
205,456,506
206,456,506
207,456,506
208,457,506
209,456,506
210,456,506
211,456,506
212,456,506
213,456,506
214,456,506
215,457,506
216,457,507
217,457,506
218,456,506
219,457,506
220,456,506
221,456,506
222,456,506
223,456,507
224,457,506
225,457,506
226,457,507
227,456,507
228,456,506
229,457,506
230,456,506
231,456,506
232,457,506
233,457,506
234,456,506
235,456,506
236,456,506
237,456,507
238,456,506
239,457,506
240,457,506
241,456,506
242,457,506
243,457,506
244,457,506
245,457,506
246,457,506
247,456,507
248,456,506
249,457,506
250,457,507
251,457,506
252,456,506
253,457,507
254,456,506
255,457,506
256,457,506
257,457,506
258,457,506
259,457,506
260,457,506
261,457,507
262,457,506
263,457,506
264,457,507
265,456,506
266,457,506
267,457,506
268,457,507
269,457,506
270,457,507
271,457,507
272,457,506
273,457,506
274,457,507
275,457,506
276,457,506
277,457,506
278,457,506
279,457,506
280,457,506
281,457,507
282,457,506
283,457,506
284,457,507
285,458,506
286,457,506
287,457,507
288,457,507
289,457,506
290,458,506
291,457,506
292,457,506
293,458,506
294,458,507
295,457,507
296,457,506
297,458,506
298,458,506
299,457,506
300,458,506
301,458,506
302,457,506
303,457,506
304,458,507
305,457,507
306,457,506
307,458,506
308,458,507
309,457,506
310,458,506
311,458,507
312,457,507
313,457,506
314,458,506
315,457,507
316,457,506
317,458,506
318,458,506
319,458,507
320,457,506
321,458,507
322,457,507
323,457,506
324,458,506
325,458,506
326,457,506
327,458,506
328,458,506
329,457,507
330,458,506
331,458,506
332,458,507
333,458,506
334,458,506
335,458,506
336,457,506
337,458,506
338,458,506
339,458,507
340,458,506
341,458,506
342,458,507
343,458,506
344,458,506
345,458,506
346,458,506
347,458,506
348,458,506
349,458,506
350,458,506
351,458,506
352,458,506
353,458,506
354,458,506
355,458,506
356,458,506
357,458,506
358,459,506
359,458,506
360,458,506
361,458,506
362,458,507
363,458,507
364,458,506
365,458,506
366,458,506
367,458,506
368,458,506
369,458,506
370,458,506
371,458,506
372,459,506
373,458,506
374,458,506
375,458,506
376,458,506
377,459,506
378,458,506
379,459,506
380,458,506
381,458,506
382,459,506
383,458,507
384,458,506
385,459,506
386,459,506
387,459,507
388,458,506
389,459,506
390,458,506
391,458,506
392,459,506
393,459,506
394,458,506
395,459,506
396,459,506
397,459,507
398,459,506
399,458,506
400,458,507
401,459,506
402,459,506
403,459,507
404,458,506
405,458,506
406,459,507
407,458,506
408,459,506
409,459,506
410,459,507
411,459,506
412,459,506
413,459,506
414,459,506
415,458,506
416,459,506
417,459,506
418,459,506
419,459,506
420,459,506
421,458,507
422,459,506
423,459,506
424,459,507
425,459,506
426,459,506
427,459,507
428,458,506
429,459,506
430,459,506
431,458,506
432,459,506
433,459,506
434,459,506
435,459,506
436,459,506
437,459,507
438,459,506
439,459,506
440,459,506
441,459,507
442,459,506
443,459,506
444,459,506
445,459,506
446,459,506
447,459,506
448,459,507
449,459,506
450,459,506
451,459,506
452,459,506
453,459,506
454,460,506
455,459,507
456,459,506
457,459,506
458,459,507
459,459,506
460,459,506
461,460,507
462,459,506
463,460,506
464,459,507
465,459,506
466,459,506
467,459,506
468,459,506
469,459,506
470,460,506
471,460,506
472,459,506
473,459,506
474,459,507
475,459,507
476,459,506
477,460,506
478,460,506
479,459,506
480,460,506
481,459,506
482,459,507
483,459,506
484,459,506
485,459,507
486,459,506
487,459,506
488,460,506
489,459,506
490,459,506
491,460,506
492,459,507
493,459,506
494,460,506
495,460,506
496,459,506
497,459,506
498,460,506
499,459,506
500,460,506
501,460,506
502,459,506
503,460,506
504,460,506
505,460,506
506,460,506
507,459,506
508,460,506
509,460,507
510,459,506
511,460,506
512,460,506
513,459,506
514,460,506
515,460,506
516,460,506
517,460,506
518,460,506
519,460,507
520,460,506
521,460,506
522,460,506
523,460,506
524,460,506
525,460,506
526,460,506
527,460,506
528,460,506
529,460,506
530,460,506
531,460,506
532,460,507
533,460,506
534,460,506
535,460,506
536,460,506
537,460,506
538,460,506
539,460,506
540,460,506
541,460,506
542,460,506
543,460,507
544,460,506
545,460,506
546,460,506
547,460,506
548,460,506
549,461,506
550,460,506
551,460,506
552,460,506
553,460,506
554,460,506
555,460,506
556,461,507
557,460,507
558,460,506
559,461,506
560,460,506
561,460,506
562,460,506
563,460,506
564,460,506
565,461,506
566,461,506
567,460,506
568,460,506
569,461,506
570,460,506
571,460,506
572,461,506
573,461,506
574,460,507
575,460,506
576,461,506
577,460,507
578,460,506
579,461,506
580,461,507
581,460,506
582,461,506
583,460,506
584,460,506
585,460,506
586,461,506
587,460,506
588,460,506
589,461,506
590,460,506
591,461,507
592,460,506
593,461,507
594,460,506
595,460,506
596,460,506
597,461,506
598,460,506
599,461,506
600,461,506
601,460,507
602,460,506
603,461,506
604,460,506
605,461,506
606,461,506
607,461,506
608,461,506
609,460,506
610,461,506
611,460,506
612,461,506
613,461,506
614,461,506
615,461,506
616,461,506
617,461,507
618,461,507
619,461,506
620,461,506
621,461,506
622,460,506
623,461,506
624,461,506
625,461,507
626,461,506
627,461,506
628,461,507
629,461,506
630,461,506
631,461,506
632,461,506
633,461,506
634,461,506
635,461,507
636,461,506
637,461,506
638,461,506
639,461,506
640,461,506
641,461,507
642,461,506
643,461,506
644,461,507
645,461,506
646,461,506
647,461,506
648,462,506
649,461,506
650,461,506
651,461,507
652,461,506
653,461,506
654,461,506
655,461,506
656,461,506
657,461,506
658,461,506
659,461,506
660,461,506
661,461,506
662,461,506
663,461,506
664,461,506
665,461,506
666,461,506
667,462,506
668,462,507
669,461,506
670,461,506
671,461,506
672,461,506
673,461,506
674,462,506
675,461,506
676,461,506
677,461,506
678,461,507
679,461,507
680,461,506
681,462,506
682,461,506
683,461,506
684,462,506
685,461,506
686,461,507
687,461,506
688,461,506
689,461,506
690,461,506
691,461,506
692,461,506
693,461,506
694,461,506
695,462,507
696,461,507
697,461,506
698,462,506
699,462,507
700,461,506
701,462,506
702,462,507
703,461,506
704,461,506
705,462,506
706,461,506
707,461,506
708,462,506
709,462,506
710,462,506
711,462,506
712,461,506
713,461,506
714,461,506
715,462,506
716,462,507
717,461,506
718,462,506
719,462,506
720,461,506
721,462,506
722,462,506
723,462,507
724,462,506
725,462,506
726,462,506
727,462,507
728,462,506
729,462,507
730,462,506
731,461,506
732,462,506
733,462,506
734,462,506
735,462,506
736,462,506
737,462,506
738,462,506
739,462,506
740,462,507
741,462,506
742,462,506
743,462,507
744,462,506
745,462,506
746,462,506
747,462,507
748,462,506
749,462,506
750,462,507
751,462,506
752,462,506
753,462,507
754,462,506
755,462,506
756,462,506
757,462,506
758,462,506
759,462,506
760,462,506
761,462,506
762,462,506
763,462,506
764,462,506
765,462,506
766,462,506
767,462,506
768,462,506
769,462,506
770,462,506
771,462,506
772,462,506
773,462,506
774,462,506
775,462,506
776,462,506
777,462,506
778,462,506
779,462,506
780,462,507
781,462,506
782,462,506
783,462,506
784,462,506
785,462,506
786,462,506
787,462,507
788,462,507
789,462,506
790,462,506
791,462,507
792,462,506
793,462,506
794,462,506
795,462,506
796,462,506
797,462,506
798,462,507
799,462,506
800,462,506
801,462,507
802,462,506
803,463,506
804,463,507
805,462,506
806,462,506
807,462,506
808,462,506
809,462,506
810,463,506
811,462,506
812,462,507
813,462,506
814,462,507
815,462,506
816,462,506
817,462,506
818,463,507
819,462,506
820,463,506
821,463,507
822,462,506
823,462,506
824,463,506
825,462,506
826,463,506
827,462,506
828,462,506
829,463,506
830,462,506
831,463,506
832,462,506
833,462,506
834,463,506
835,463,506
836,462,506
837,463,506
838,462,506
839,463,506
840,463,506
841,463,506
842,463,506
843,463,506
844,463,506
845,463,506
846,462,507
847,462,506
848,463,506
849,462,507
850,462,506
851,463,506
852,463,506
853,462,506
854,463,506
855,463,507
856,462,506
857,462,506
858,463,506
859,462,506
860,462,506
861,463,506
862,463,507
863,462,507
864,462,506
865,463,506
866,462,506
867,463,506
868,463,506
869,463,506
870,462,506
871,463,506
872,463,506
873,462,506
874,463,506
875,463,506
876,463,507
877,463,506
878,463,506
879,463,506
880,462,506
881,462,506
882,463,506
883,463,506
884,462,506
885,463,506
886,463,506
887,462,506
888,463,506
889,463,506
890,463,506
891,462,506
892,463,506
893,463,506
894,462,506
895,463,506
896,463,507
897,462,507
898,463,506
899,463,506
900,462,506
901,463,506
902,463,506
903,463,506
904,462,506
905,463,506
906,463,507
907,462,506
908,462,506
909,463,506
910,463,506
911,462,506
912,463,506
913,463,507
914,462,507
915,462,506
916,463,506
917,463,506
918,463,506
919,463,506
920,463,506
921,462,506
922,463,506
923,463,506
924,462,506
925,463,506
926,463,506
927,463,507
928,463,506
929,463,506
930,463,506
931,463,506
932,462,506
933,463,507
934,463,506
935,463,506
936,463,506
937,463,506
938,463,506
939,463,506
940,463,506
941,463,506
942,462,506
943,463,506
944,462,506
945,462,506
946,463,506
947,463,506
948,463,506
949,463,506
950,463,506
951,463,506
952,463,506
953,463,506
954,463,506
955,463,506
956,463,506
957,463,507
958,463,506
959,462,506
960,463,506
961,462,506
962,462,506
963,463,506
964,463,506
965,463,507
966,462,506
967,463,507
968,463,506
969,463,506
970,463,506
971,463,506
972,463,506
973,463,506
974,463,506
975,463,506
976,463,506
977,463,506
978,462,507
979,463,506
980,463,506
981,464,506
982,463,506
983,463,506
984,463,507
985,463,506
986,463,506
987,463,506
988,463,506
989,463,506
990,463,506
991,463,506
992,463,506
993,463,506
994,463,506
995,463,506
996,463,506
997,463,506
998,463,506
999,463,506
1000,463,506
1001,463,506
1002,463,506
1003,463,506
1004,463,506
1005,463,506
1006,463,506
1007,463,506
1008,463,507
1009,463,506
1010,463,506
1011,463,506
1012,463,506
1013,463,506
1014,463,506
1015,463,506
1016,463,507
1017,463,506
1018,463,506
1019,463,506
1020,463,506
1021,463,506
1022,464,507
1023,463,506
1024,464,506
1025,463,506
1026,463,506
1027,464,506
1028,463,506
1029,463,507
1030,464,506
1031,463,506
1032,464,507
1033,463,506
1034,463,506
1035,463,506
1036,463,506
1037,463,506
1038,463,506
1039,463,506
1040,463,506
1041,463,506
1042,463,506
1043,463,507
1044,464,506
1045,463,506
1046,463,507
1047,463,506
1048,463,506
1049,464,506
1050,463,506
1051,463,506
1052,463,507
1053,463,506
1054,463,506
1055,463,506
1056,464,507
1057,463,506
1058,464,506
1059,464,507
1060,463,507
1061,463,506
1062,464,506
1063,463,506
1064,463,506
1065,464,506
1066,464,506
1067,463,506
1068,463,506
1069,463,506
1070,463,506
1071,463,506
1072,463,506
1073,464,506
1074,463,506
1075,464,506
1076,464,506
1077,463,506
1078,463,506
1079,464,506
1080,463,507
1081,463,506
1082,464,506
1083,464,506
1084,464,507
1085,463,506
1086,464,506
1087,463,506
1088,463,506
1089,464,506
1090,464,506
1091,463,506
1092,464,506
1093,463,506
1094,463,507
1095,463,506
1096,464,506
1097,463,506
1098,463,506
1099,464,506
1100,464,506
1101,463,506
1102,463,506
1103,464,506
1104,463,506
1105,464,506
1106,464,506
1107,463,507
1108,464,506
1109,463,506
1110,463,506
1111,464,507
1112,463,506
1113,464,506
1114,464,506
1115,464,506
1116,464,506
1117,464,506
1118,463,507
1119,463,506
1120,464,506
1121,463,506
1122,464,506
1123,464,506
1124,464,507
1125,463,506
1126,464,506
1127,464,506
1128,463,506
1129,464,506
1130,464,506
1131,463,506
1132,464,506
1133,464,506
1134,464,506
1135,464,506
1136,464,506
1137,464,506
1138,464,506
1139,464,506
1140,464,506
1141,464,506
1142,463,506
1143,464,506
1144,464,506
1145,464,506
1146,464,506
1147,464,506
1148,463,506
1149,464,506
1150,464,506
1151,464,507
1152,464,506
1153,463,506
1154,464,506
1155,463,506
1156,464,506
1157,464,506
1158,464,506
1159,464,506
1160,464,506
1161,464,506
1162,464,506
1163,463,506
1164,464,506
1165,463,506
1166,464,506
1167,464,506
1168,464,506
1169,463,506
1170,464,506
1171,464,506
1172,463,507
1173,463,506
1174,464,506
1175,464,506
1176,464,506
1177,464,506
1178,464,506
1179,464,506
1180,464,506
1181,464,506
1182,463,506
1183,464,506
1184,464,506
1185,464,506
1186,464,506
1187,464,506
1188,464,506
1189,464,506
1190,464,506
1191,464,506
1192,464,506
1193,464,506
1194,464,506
1195,464,506
1196,464,506
1197,464,506
1198,464,506
1199,464,507
1200,464,506
1201,464,506
1202,464,506
1203,464,506
1204,464,506
1205,464,506
1206,464,506
1207,464,506
1208,464,506
1209,464,506
1210,464,506
1211,464,506
1212,464,506
1213,464,506
1214,464,506
1215,464,506
1216,464,507
1217,464,506
1218,464,506
1219,464,506
1220,464,506
1221,464,506
1222,465,506
1223,464,506
1224,464,506
1225,464,506
1226,464,506
1227,464,506
1228,464,506
1229,464,507
1230,464,506
1231,464,506
1232,464,506
1233,464,506
1234,464,506
1235,464,506
1236,464,506
1237,464,507
1238,464,506
1239,464,506
1240,464,506
1241,464,506
1242,464,506
1243,464,507
1244,464,506
1245,464,506
1246,464,506
1247,464,506
1248,464,506
1249,464,506
1250,464,506
1251,464,506
1252,464,506
1253,464,506
1254,464,507
1255,464,506
1256,464,507
1257,464,506
1258,464,506
1259,464,506
1260,464,506
1261,464,506
1262,464,506
1263,464,506
1264,464,506
1265,464,506
1266,464,506
1267,464,507
1268,464,506
1269,464,506
1270,464,507
1271,464,507
1272,464,506
1273,464,507
1274,464,506
1275,464,506
1276,464,506
1277,464,507
1278,464,506
1279,464,506
1280,464,506
1281,464,506
1282,464,506
1283,464,506
1284,464,507
1285,464,506
1286,464,506
1287,464,506
1288,464,507
1289,464,506
1290,464,506
1291,464,506
1292,464,506
1293,464,506
1294,464,507
1295,464,506
1296,464,506
1297,464,507
1298,464,506
1299,464,506
1300,464,506
1301,464,506
1302,464,506
1303,465,506
1304,465,506
1305,464,506
1306,464,506
1307,464,506
1308,464,506
1309,464,506
1310,464,506
1311,464,506
1312,464,506
1313,464,506
1314,464,507
1315,464,507
1316,464,506
1317,464,506
1318,464,506
1319,464,506
1320,464,506
1321,465,506
1322,464,507
1323,464,506
1324,464,506
1325,464,506
1326,464,506
1327,464,506
1328,464,506
1329,464,506
1330,464,506
1331,464,506
1332,464,506
1333,464,506
1334,465,506
1335,464,507
1336,464,506
1337,464,506
1338,465,506
1339,464,506
1340,464,506
1341,465,506
1342,464,506
1343,464,506
1344,464,506
1345,465,506
1346,465,506
1347,465,506
1348,464,506
1349,464,506
1350,464,506
1351,465,506
1352,464,506
1353,464,506
1354,465,506
1355,465,506
1356,464,506
1357,464,506
1358,465,506
1359,464,506
1360,464,506
1361,464,506
1362,465,507
1363,464,506
1364,465,506
1365,465,506
1366,464,506
1367,464,506
1368,465,506
1369,465,506
1370,464,506
1371,465,506
1372,464,506
1373,464,507
1374,464,506
1375,465,506
1376,465,506
1377,464,506
1378,465,506
1379,465,507
1380,464,506
1381,465,506
1382,465,506
1383,465,507
1384,465,506
1385,465,506
1386,464,507
1387,465,506
1388,465,506
1389,465,506
1390,465,507
1391,464,506
1392,465,507
1393,464,506
1394,464,506
1395,465,506
1396,465,506
1397,464,506
1398,465,506
1399,465,506
1400,464,506
1401,465,506
1402,465,506
1403,465,507
1404,464,506
1405,465,506
1406,465,507
1407,464,506
1408,464,506
1409,465,507
1410,464,506
1411,464,506
1412,465,506
1413,465,506
1414,465,506
1415,465,506
1416,465,506
1417,464,507
1418,465,506
1419,465,506
1420,465,506
1421,464,506
1422,465,506
1423,465,506
1424,464,506
1425,465,506
1426,465,506
1427,464,506
1428,465,506
1429,465,506
1430,465,506
1431,465,506
1432,465,506
1433,465,506
1434,465,506
1435,465,506
1436,465,506
1437,465,506
1438,465,506
1439,465,506
1440,465,506
1441,465,507
1442,465,506
1443,465,506
1444,465,507
1445,465,506
1446,465,506
1447,465,506
1448,465,506
1449,465,506
1450,465,506
1451,465,506
1452,465,506
1453,465,506
1454,464,506
1455,465,506
1456,465,506
1457,465,506
1458,465,507
1459,465,506
1460,465,507
1461,465,507
1462,465,506
1463,465,506
1464,465,506
1465,464,506
1466,465,506
1467,465,506
1468,465,506
1469,465,506
1470,465,506
1471,465,506
1472,465,506
1473,465,506
1474,465,507
1475,465,506
1476,464,506
1477,465,507
1478,465,506
1479,465,506
1480,465,506
1481,465,506
1482,465,506
1483,465,506
1484,465,506
1485,465,507
1486,465,506
1487,465,506
1488,465,506
1489,465,506
1490,465,506
1491,466,507
1492,465,506
1493,465,506
1494,465,506
1495,465,506
1496,465,506
1497,465,506
1498,465,507
1499,465,506
1500,465,506
1501,465,507
1502,465,506
1503,465,506
1504,465,506
1505,465,506
1506,465,506
1507,465,506
1508,465,506
1509,465,506
1510,465,506
1511,465,506
1512,465,506
1513,465,506
1514,465,506
1515,465,507
1516,465,506
1517,465,506
1518,465,507
1519,465,506
1520,465,506
1521,465,506
1522,465,507
1523,465,506
1524,465,506
1525,465,506
1526,465,506
1527,465,506
1528,465,506
1529,465,507
1530,465,506
1531,465,506
1532,465,506
1533,465,506
1534,465,506
1535,466,506
1536,465,506
1537,465,506
1538,466,506
1539,465,506
1540,465,506
1541,465,506
1542,465,506
1543,465,507
1544,465,506
1545,465,506
1546,466,506
1547,465,506
1548,466,506
1549,466,506
1550,465,506
1551,466,506
1552,465,506
1553,465,506
1554,465,506
1555,466,506
1556,465,506
1557,465,506
1558,466,506
1559,465,506
1560,465,506
1561,465,506
1562,466,506
1563,465,506
1564,465,506
1565,466,506
1566,466,507
1567,466,506
1568,466,506
1569,466,506
1570,465,507
1571,465,506
1572,465,506
1573,465,507
1574,465,506
1575,465,506
1576,466,506
1577,465,506
1578,465,506
1579,466,507
1580,465,506
1581,465,506
1582,466,506
1583,465,507
1584,465,506
1585,466,506
1586,466,507
1587,465,507
1588,465,506
1589,465,506
1590,465,507
1591,465,506
1592,465,506
1593,466,507
1594,465,507
1595,465,506
1596,466,506
1597,465,507
1598,466,506
1599,466,506
1600,466,507
1601,466,506
1602,466,506
1603,466,507
1604,465,507
1605,466,506
1606,466,506
1607,466,506
1608,465,506
1609,466,506
1610,466,507
1611,466,507
1612,465,507
1613,466,507
1614,466,507
1615,466,506
1616,466,506
1617,466,507
1618,465,506
1619,466,506
1620,466,507
1621,466,507
1622,465,507
1623,466,506
1624,466,507
1625,466,506
1626,466,506
1627,466,507
1628,465,507
1629,466,506
1630,466,507
1631,466,507
1632,466,506
1633,466,506
1634,466,507
1635,466,506
1636,466,507
1637,466,507
1638,465,507
1639,465,506
1640,466,506
1641,465,507
1642,466,507
1643,466,508
1644,466,509
1645,466,513
1646,465,516
1647,466,518
1648,466,523
1649,466,528
1650,466,533
1651,466,538
1652,466,545
1653,466,553
1654,466,559
1655,465,565
1656,466,572
1657,466,581
1658,466,591
1659,466,601
1660,466,611
1661,466,626
1662,466,643
1663,466,659
1664,466,680
1665,466,706
1666,466,739
1667,466,776
1668,466,813
1669,466,855
1670,466,900
1671,466,947
1672,466,990
1673,466,1012
1674,466,1022
1675,466,1022
1676,466,1022
1677,466,1023
1678,466,1023
1679,466,1022
1680,466,1022
1681,466,1022
1682,466,1022
1683,466,1022
1684,466,1023
1685,466,1022
1686,466,1022
1687,466,1022
1688,466,1022
1689,466,1022
1690,466,1022
1691,466,1023
1692,467,1022
1693,466,1022
1694,466,1022
1695,466,1023
1696,466,1022
1697,467,1022
1698,466,1022
1699,466,1021
1700,466,1022
1701,466,1022
1702,466,1022
1703,466,1022
1704,466,1022
1705,467,1022
1706,467,1021
1707,466,1022
1708,466,1022
1709,466,1022
1710,466,1023
1711,467,1022
1712,466,1022
1713,466,1022
1714,466,1022
1715,466,1022
1716,467,1022
1717,466,1022
1718,467,1022
1719,466,1022
1720,467,1022
1721,466,1021
1722,467,1022
1723,467,1022
1724,467,1022
1725,467,1021
1726,467,1023
1727,467,1022
1728,467,1022
1729,467,1021
1730,467,1022
1731,467,1022
1732,466,1022
1733,467,1022
1734,467,1022
1735,467,1022
1736,467,1022
1737,467,1021
1738,467,1022
1739,466,1022
1740,467,1022
1741,467,1022
1742,467,1022
1743,467,1023
1744,467,1022
1745,467,1022
1746,467,1022
1747,467,1022
1748,467,1022
1749,467,1022
1750,467,1022
1751,467,1022
1752,467,1022
1753,466,1022
1754,467,1022
1755,467,1022
1756,467,1023
1757,467,1022
1758,467,1022
1759,467,1022
1760,467,1022
1761,467,1022
1762,467,1022
1763,467,1022
1764,467,1022
1765,467,1022
1766,467,1022
1767,467,1022
1768,467,1021
1769,467,1023
1770,467,1022
1771,467,1022
1772,467,1022
1773,468,1022
1774,467,1022
1775,467,1022
1776,467,1022
1777,467,1022
1778,467,1022
1779,468,1022
1780,467,1022
1781,467,1022
1782,467,1022
1783,467,1022
1784,467,1023
1785,467,1022
1786,467,1022
1787,467,1022
1788,467,1022
1789,467,1022
1790,467,1022
1791,467,1022
1792,468,1022
1793,467,1022
1794,467,1022
1795,467,1022
1796,468,1021
1797,467,1022
1798,468,1022
1799,467,1022
1800,468,1021
1801,467,1022
1802,468,1022
1803,468,1021
1804,467,1022
1805,467,1023
1806,467,1022
1807,468,1022
1808,468,1022
1809,468,1022
1810,468,1022
1811,467,1022
1812,468,1022
1813,467,1022
1814,468,1022
1815,467,1022
1816,468,1022
1817,468,1022
1818,468,1022
1819,468,1022
1820,468,1022
1821,468,1022
1822,468,1022
1823,468,1022
1824,468,1022
1825,468,1022
1826,468,1022
1827,468,1022
1828,468,1022
1829,468,1022
1830,468,1022
1831,468,1022
1832,468,1022
1833,468,1022
1834,468,1021
1835,468,1022
1836,468,1022
1837,468,1022
1838,468,1022
1839,468,1022
1840,468,1022
1841,468,1022
1842,468,1021
1843,468,1022
1844,468,1022
1845,468,1022
1846,468,1021
1847,468,1022
1848,468,1022
1849,468,1022
1850,468,1022
1851,468,1022
1852,468,1022
1853,468,1022
1854,468,1022
1855,468,1022
1856,468,1022
1857,468,1023
1858,468,1022
1859,468,1022
1860,468,1021
1861,468,1022
1862,468,1022
1863,468,1022
1864,468,1023
1865,468,1022
1866,469,1022
1867,468,1022
1868,469,1022
1869,468,1022
1870,468,1022
1871,469,1022
1872,469,1022
1873,468,1022
1874,468,1022
1875,468,1022
1876,468,1022
1877,469,1022
1878,469,1022
1879,469,1022
1880,468,1022
1881,468,1022
1882,468,1022
1883,469,1022
1884,468,1022
1885,469,1022
1886,469,1022
1887,469,1022
1888,469,1022
1889,469,1022
1890,469,1022
1891,469,1022
1892,469,1022
1893,468,1022
1894,468,1022
1895,469,1022
1896,469,1022
1897,469,1022
1898,469,1022
1899,469,1022
1900,469,1023
1901,469,1022
1902,469,1022
1903,469,1022
1904,469,1022
1905,469,1022
1906,468,1022
1907,469,1022
1908,469,1021
1909,469,1022
1910,469,1022
1911,469,1022
1912,469,1022
1913,469,1022
1914,469,1022
1915,469,1022
1916,469,1022
1917,469,1022
1918,469,1022
1919,469,1023
1920,469,1022
1921,469,1022
1922,469,1022
1923,469,1022
1924,469,1022
1925,469,1022
1926,469,1023
1927,469,1022
1928,469,1022
1929,469,1022
1930,469,1022
1931,469,1022
1932,469,1022
1933,469,1022
1934,469,1022
1935,469,1021
1936,469,1022
1937,469,1022
1938,469,1022
1939,469,1022
1940,469,1022
1941,469,1022
1942,469,1022
1943,469,1022
1944,469,1022
1945,469,1023
1946,469,1022
1947,469,1022
1948,469,1022
1949,469,1022
1950,469,1023
1951,469,1022
1952,470,1022
1953,469,1022
1954,469,1022
1955,469,1022
1956,469,1022
1957,469,1022
1958,469,1022
1959,469,1021
1960,469,1022
1961,469,1023
1962,469,1022
1963,470,1022
1964,470,1022
1965,469,1022
1966,470,1022
1967,469,1022
1968,470,1022
1969,469,1022
1970,469,1022
1971,470,1021
1972,469,1022
1973,469,1022
1974,469,1022
1975,469,1022
1976,469,1022
1977,470,1022
1978,470,1023
1979,470,1022
1980,469,1022
1981,469,1023
1982,469,1022
1983,469,1022
1984,470,1022
1985,469,1022
1986,469,1022
1987,469,1022
1988,470,1022
1989,470,1022
1990,470,1022
1991,470,1022
1992,469,1023
1993,469,1023
1994,470,1022
1995,469,1022
1996,470,1022
1997,470,1022
1998,470,1022
1999,469,1022
2000,469,1022
2001,470,1022
2002,470,1021
2003,470,1022
2004,470,1022
2005,469,1022
2006,470,1022
2007,470,1022
2008,469,1022
2009,470,1022
2010,470,1023
2011,470,1022
2012,470,1023
2013,470,1022
2014,470,1022
2015,470,1022
2016,470,1022
2017,470,1023
2018,469,1022
2019,470,1022
2020,470,1022
2021,470,1022
2022,470,1021
2023,470,1023
2024,470,1022
2025,470,1022
2026,470,1022
2027,470,1022
2028,470,1022
2029,470,1022
2030,470,1022
2031,470,1022
2032,470,1022
2033,470,1021
2034,470,1022
2035,470,1022
2036,470,1023
2037,470,1022
2038,470,1022
2039,470,1022
2040,470,1022
2041,470,1021
2042,470,1022
2043,470,1022
2044,470,1022
2045,470,1022
2046,470,1022
2047,470,1022
2048,470,1023
2049,470,1022
2050,470,1022
2051,470,1022
2052,470,1022
2053,470,1021
2054,470,1022
2055,470,1022
2056,470,1022
2057,470,1022
2058,471,1022
2059,470,1022
2060,470,1022
2061,470,1022
2062,470,1022
2063,470,1022
2064,471,1022
2065,471,1022
2066,470,1022
2067,471,1022
2068,471,1021
2069,470,1022
2070,471,1022
2071,471,1022
2072,470,1021
2073,470,1022
2074,470,1022
2075,471,1022
2076,470,1021
2077,471,1022
2078,470,1022
2079,470,1022
2080,470,1022
2081,470,1022
2082,470,1022
2083,471,1022
2084,470,1022
2085,470,1022
2086,470,1022
2087,470,1023
2088,470,1022
2089,471,1022
2090,471,1022
2091,471,1022
2092,471,1022
2093,471,1022
2094,471,1022
2095,471,1022
2096,471,1022
2097,471,1022
2098,471,1022
2099,471,1022
2100,471,1022
2101,471,1022
2102,471,1022
2103,471,1021
2104,471,1022
2105,471,1022
2106,471,1022
2107,471,1022
2108,471,1022
2109,471,1022
2110,470,1022
2111,471,1022
2112,471,1022
2113,471,1022
2114,471,1022
2115,471,1022
2116,471,1021
2117,471,1022
2118,471,1022
2119,471,1022
2120,471,1022
2121,471,1023
2122,471,1022
2123,471,1022
2124,471,1022
2125,471,1022
2126,471,1022
2127,471,1022
2128,471,1022
2129,471,1022
2130,471,1021
2131,471,1022
2132,471,1022
2133,471,1023
2134,471,1021
2135,471,1021
2136,471,1022
2137,471,1022
2138,471,1022
2139,471,1022
2140,471,1022
2141,471,1022
2142,471,1021
2143,471,1022
2144,472,1022
2145,472,1022
2146,472,1021
2147,472,1022
2148,472,1022
2149,471,1022
2150,471,1022
2151,472,1023
2152,471,1022
2153,472,1022
2154,472,1022
2155,472,1022
2156,472,1022
2157,472,1023
2158,472,1022
2159,471,1022
2160,472,1022
2161,471,1022
2162,472,1023
2163,472,1022
2164,472,1022
2165,472,1022
2166,472,1022
2167,472,1022
2168,472,1022
2169,472,1022
2170,472,1022
2171,472,1022
2172,472,1022
2173,472,1022
2174,472,1022
2175,472,1023
2176,472,1022
2177,472,1021
2178,472,1022
2179,472,1022
2180,472,1022
2181,472,1023
2182,472,1022
2183,472,1022
2184,472,1022
2185,472,1021
2186,472,1021
2187,472,1022
2188,472,1022
2189,472,1022
2190,472,1022
2191,472,1022
2192,472,1022
2193,472,1022
2194,472,1022
2195,472,1022
2196,472,1022
2197,472,1021
2198,472,1022
2199,472,1023
2200,472,1023
2201,472,1022
2202,472,1022
2203,473,1022
2204,472,1022
2205,473,1022
2206,472,1022
2207,472,1023
2208,472,1022
2209,472,1022
2210,472,1022
2211,472,1022
2212,472,1022
2213,472,1022
2214,472,1022
2215,472,1022
2216,473,1021
2217,472,1022
2218,472,1022
2219,472,1022
2220,473,1022
2221,473,1021
2222,473,1022
2223,472,1022
2224,472,1022
2225,472,1022
2226,472,1022
2227,473,1022
2228,472,1021
2229,473,1022
2230,473,1022
2231,472,1022
2232,472,1022
2233,473,1022
2234,473,1022
2235,473,1022
2236,473,1022
2237,472,1022
2238,473,1022
2239,473,1022
2240,473,1022
2241,473,1022
2242,473,1022
2243,473,1021
2244,473,1021
2245,472,1023
2246,473,1023
2247,473,1022
2248,473,1022
2249,473,1022
2250,473,1022
2251,473,1022
2252,473,1022
2253,473,1022
2254,473,1022
2255,473,1021
2256,473,1022
2257,473,1022
2258,473,1022
2259,473,1022
2260,473,1022
2261,473,1022
2262,473,1022
2263,472,1022
2264,473,1022
2265,473,1022
2266,473,1022
2267,473,1022
2268,473,1022
2269,473,1022
2270,473,1022
2271,473,1022
2272,473,1022
2273,473,1022
2274,473,1022
2275,473,1022
2276,473,1022
2277,473,1022
2278,473,1021
2279,473,1022
2280,473,1022
2281,473,1022
2282,473,1022
2283,473,1022
2284,473,1022
2285,473,1022
2286,473,1022
2287,473,1022
2288,473,1022
2289,473,1022
2290,473,1022
2291,473,1021
2292,473,1022
2293,473,1022
2294,473,1022
2295,474,1022
2296,473,1023
2297,473,1022
2298,473,1022
2299,473,1022
2300,473,1023
2301,473,1022
2302,473,1022
2303,473,1022
2304,473,1022
2305,474,1022
2306,473,1022
2307,473,1022
2308,473,1022
2309,473,1022
2310,473,1021
2311,474,1022
2312,474,1022
2313,473,1022
2314,473,1022
2315,473,1022
2316,474,1022
2317,474,1021
2318,474,1021
2319,474,1022
2320,473,1022
2321,474,1022
2322,474,1022
2323,474,1022
2324,474,1022
2325,473,1022
2326,473,1022
2327,474,1022
2328,474,1022
2329,474,1021
2330,473,1021
2331,474,1022
2332,473,1022
2333,474,1022
2334,474,1022
2335,473,1022
2336,474,1022
2337,473,1022
2338,474,1022
2339,474,1022
2340,473,1022
2341,474,1022
2342,474,1021
2343,474,1022
2344,474,1022
2345,474,1022
2346,474,1022
2347,474,1022
2348,474,1022
2349,474,1021
2350,474,1022
2351,474,1022
2352,474,1022
2353,474,1022
2354,474,1022
2355,474,1022
2356,474,1023
2357,474,1022
2358,474,1022
2359,474,1022
2360,474,1022
2361,474,1023
2362,474,1022
2363,474,1022
2364,474,1022
2365,473,1022
2366,474,1022
2367,474,1022
2368,474,1022
2369,474,1022
2370,474,1022
2371,474,1022
2372,474,1021
2373,474,1022
2374,474,1022
2375,474,1022
2376,474,1022
2377,474,1022
2378,474,1022
2379,474,1022
2380,474,1021
2381,474,1022
2382,474,1022
2383,474,1022
2384,474,1022
2385,474,1022
2386,474,1022
2387,474,1022
2388,474,1022
2389,474,1022
2390,474,1022
2391,474,1022
2392,474,1022
2393,475,1022
2394,474,1022
2395,474,1023
2396,475,1022
2397,474,1022
2398,475,1022
2399,475,1022
2400,474,1022
2401,474,1022
2402,474,1022
2403,474,1022
2404,474,1021
2405,475,1022
2406,475,1022
2407,475,1022
2408,474,1022
2409,474,1022
2410,475,1022
2411,474,1022
2412,474,1022
2413,475,1022
2414,474,1023
2415,474,1022
2416,474,1022
2417,475,1022
2418,475,1022
2419,474,1022
2420,475,1022
2421,474,1022
2422,475,1022
2423,475,1022
2424,475,1022
2425,474,1022
2426,475,1022
2427,475,1021
2428,475,1022
2429,475,1022
2430,475,1022
2431,475,1021
2432,475,1022
2433,475,1022
2434,475,1022
2435,474,1022
2436,475,1022
2437,475,1022
2438,475,1022
2439,475,1021
2440,475,1022
2441,475,1022
2442,475,1022
2443,475,1022
2444,475,1022
2445,475,1022
2446,475,1022
2447,475,1022
2448,475,1022
2449,475,1022
2450,475,1022
2451,475,1022
2452,475,1022
2453,475,1022
2454,475,1022
2455,475,1022
2456,475,1022
2457,475,1022
2458,475,1021
2459,475,1022
2460,475,1022
2461,475,1022
2462,475,1021
2463,475,1021
2464,475,1022
2465,475,1021
2466,475,1022
2467,475,1022
2468,475,1022
2469,475,1022
2470,475,1021
2471,475,1022
2472,475,1022
2473,475,1022
2474,475,1022
2475,475,1022
2476,475,1022
2477,475,1022
2478,475,1021
2479,475,1022
2480,475,1022
2481,476,1022
2482,475,1021
2483,475,1022
2484,475,1022
2485,475,1022
2486,475,1022
2487,475,1021
2488,475,1022
2489,475,1021
2490,475,1022
2491,476,1022
2492,475,1022
2493,475,1022
2494,475,1021
2495,475,1022
2496,475,1023
2497,475,1022
2498,475,1022
2499,475,1022
2500,476,1022
2501,475,1021
2502,476,1022
2503,475,1022
2504,476,1022
2505,475,1022
2506,476,1022
2507,475,1022
2508,475,1022
2509,475,1021
2510,476,1022
2511,476,1023
2512,476,1022
2513,476,1021
2514,476,1022
2515,475,1022
2516,475,1022
2517,476,1022
2518,475,1022
2519,476,1022
2520,476,1022
2521,475,1022
2522,476,1022
2523,476,1022
2524,475,1022
2525,476,1022
2526,476,1022
2527,476,1022
2528,476,1022
2529,475,1022
2530,476,1022
2531,476,1022
2532,476,1022
2533,476,1021
2534,476,1022
2535,476,1022
2536,476,1022
2537,476,1021
2538,476,1022
2539,476,1022
2540,476,1021
2541,476,1022
2542,476,1022
2543,476,1022
2544,476,1022
2545,476,1021
2546,476,1022
2547,476,1022
2548,476,1022
2549,476,1022
2550,476,1022
2551,476,1022
2552,476,1021
2553,476,1022
2554,476,1023
2555,476,1022
2556,476,1022
2557,476,1022
2558,476,1022
2559,476,1022
2560,476,1022
2561,476,1022
2562,476,1022
2563,476,1022
2564,476,1022
2565,476,1022
2566,476,1022
2567,476,1022
2568,476,1022
2569,476,1022
2570,476,1023
2571,476,1022
2572,476,1021
2573,476,1022
2574,476,1022
2575,476,1023
2576,476,1022
2577,476,1022
2578,476,1022
2579,476,1022
2580,476,1021
2581,476,1022
2582,477,1022
2583,476,1022
2584,476,1022
2585,476,1022
2586,476,1022
2587,476,1022
2588,476,1022
2589,476,1022
2590,476,1022
2591,476,1022
2592,476,1022
2593,476,1022
2594,476,1022
2595,476,1022
2596,476,1022
2597,476,1022
2598,477,1022
2599,476,1022
2600,476,1022
2601,476,1022
2602,476,1022
2603,476,1023
2604,476,1022
2605,476,1022
2606,476,1022
2607,477,1022
2608,476,1022
2609,477,1022
2610,476,1022
2611,476,1022
2612,477,1022
2613,476,1022
2614,477,1022
2615,476,1021
2616,476,1022
2617,476,1022
2618,477,1022
2619,476,1022
2620,476,1022
2621,477,1022
2622,477,1022
2623,477,1022
2624,477,1022
2625,477,1022
2626,476,1022
2627,477,1022
2628,477,1022
2629,476,1022
2630,477,1022
2631,476,1022
2632,476,1022
2633,477,1022
2634,477,1022
2635,477,1022
2636,476,1023
2637,476,1022
2638,477,1022
2639,477,1022
2640,477,1022
2641,477,1022
2642,476,1021
2643,477,1022
2644,477,1022
2645,477,1022
2646,477,1021
2647,477,1022
2648,477,1022
2649,477,1023
2650,477,1022
2651,477,1022
2652,477,1022
2653,477,1021
2654,477,1021
2655,477,1022
2656,477,1022
2657,477,1022
2658,477,1022
2659,477,1022
2660,477,1022
2661,477,1022
2662,477,1022
2663,477,1022
2664,477,1022
2665,477,1022
2666,477,1021
2667,477,1022
2668,477,1022
2669,477,1022
2670,477,1022
2671,476,1022
2672,477,1021
2673,477,1022
2674,477,1022
2675,477,1022
2676,477,1022
2677,477,1022
2678,477,1022
2679,477,1022
2680,477,1022
2681,477,1022
2682,477,1022
2683,477,1022
2684,477,1022
2685,477,1022
2686,477,1022
2687,477,1021
2688,477,1022
2689,477,1022
2690,477,1022
2691,477,1022
2692,477,1022
2693,477,1022
2694,477,1022
2695,477,1022
2696,477,1022
2697,477,1022
2698,477,1022
2699,477,1022
2700,477,1023
2701,477,1022
2702,477,1022
2703,477,1022
2704,477,1021
2705,477,1021
2706,477,1022
2707,477,1023
2708,477,1022
2709,477,1022
2710,478,1022
2711,477,1022
2712,477,1021
2713,477,1022
2714,477,1022
2715,477,1022
2716,477,1022
2717,478,1022
2718,477,1022
2719,477,1022
2720,477,1022
2721,478,1022
2722,477,1022
2723,477,1022
2724,477,1021
2725,477,1022
2726,477,1022
2727,477,1022
2728,477,1023
2729,478,1022
2730,477,1022
2731,477,1022
2732,477,1021
2733,477,1022
2734,478,1022
2735,477,1022
2736,478,1021
2737,477,1022
2738,477,1022
2739,478,1022
2740,477,1022
2741,478,1023
2742,477,1022
2743,478,1022
2744,478,1023
2745,477,1022
2746,477,1022
2747,477,1023
2748,477,1022
2749,477,1022
2750,477,1022
2751,477,1022
2752,478,1022
2753,477,1022
2754,477,1022
2755,477,1022
2756,477,1022
2757,478,1022
2758,478,1022
2759,477,1022
2760,478,1022
2761,478,1022
2762,478,1022
2763,478,1021
2764,477,1022
2765,478,1022
2766,478,1022
2767,478,1022
2768,478,1022
2769,478,1022
2770,477,1022
2771,477,1021
2772,478,1022
2773,477,1022
2774,478,1022
2775,478,1021
2776,478,1022
2777,478,1022
2778,478,1022
2779,478,1022
2780,478,1022
2781,478,1022
2782,478,1022
2783,478,1021
2784,477,1022
2785,478,1022
2786,478,1022
2787,478,1022
2788,478,1022
2789,478,1022
2790,478,1023
2791,478,1022
2792,478,1022
2793,478,1022
2794,478,1022
2795,478,1021
2796,478,1022
2797,478,1022
2798,478,1022
2799,478,1022
2800,478,1022
2801,478,1022
2802,478,1021
2803,478,1022
2804,478,1022
2805,478,1022
2806,478,1022
2807,478,1022
2808,478,1022
2809,478,1022
2810,478,1022
2811,478,1022
2812,478,1022
2813,478,1022
2814,478,1022
2815,478,1022
2816,478,1022
2817,478,1022
2818,478,1022
2819,478,1023
2820,478,1022
2821,478,1022
2822,478,1021
2823,478,1022
2824,477,1022
2825,478,1022
2826,478,1022
2827,478,1022
2828,478,1022
2829,478,1023
2830,478,1022
2831,478,1022
2832,478,1022
2833,478,1022
2834,478,1022
2835,478,1022
2836,478,1022
2837,478,1023
2838,478,1022
2839,479,1022
2840,478,1022
2841,478,1022
2842,478,1022
2843,478,1022
2844,478,1022
2845,478,1022
2846,478,1022
2847,478,1022
2848,478,1022
2849,478,1022
2850,478,1022
2851,478,1022
2852,478,1022
2853,479,1022
2854,479,1022
2855,478,1022
2856,478,1022
2857,478,1022
2858,478,1022
2859,479,1022
2860,478,1022
2861,478,1021
2862,478,1022
2863,478,1022
2864,478,1022
2865,479,1021
2866,478,1022
2867,478,1022
2868,478,1022
2869,478,1021
2870,478,1022
2871,479,1022
2872,478,1022
2873,479,1022
2874,478,1022
2875,479,1022
2876,478,1022
2877,478,1021
2878,479,1022
2879,478,1023
2880,479,1022
2881,479,1021
2882,478,1022
2883,478,1022
2884,478,1022
2885,478,1022
2886,478,1022
2887,478,1022
2888,478,1022
2889,478,1022
2890,479,1022
2891,478,1022
2892,478,1022
2893,478,1022
2894,479,1023
2895,478,1022
2896,478,1022
2897,478,1022
2898,479,1022
2899,478,1022
2900,478,1021
2901,479,1022
2902,478,1022
2903,478,1022
2904,479,1022
2905,479,1022
2906,479,1022
2907,479,1022
2908,478,1021
2909,479,1022
2910,478,1022
2911,479,1022
2912,479,1021
2913,479,1021
2914,478,1022
2915,479,1022
2916,479,1022
2917,479,1022
2918,478,1022
2919,479,1022
2920,478,1021
2921,478,1022
2922,479,1022
2923,479,1022
2924,479,1022
2925,479,1022
2926,478,1022
2927,478,1022
2928,478,1022
2929,478,1022
2930,478,1022
2931,479,1022
2932,479,1021
2933,479,1022
2934,479,1022
2935,479,1022
2936,479,1022
2937,479,1022
2938,479,1023
2939,479,1021
2940,479,1021
2941,478,1022
2942,479,1022
2943,479,1022
2944,479,1021
2945,479,1022
2946,479,1022
2947,479,1022
2948,479,1021
2949,479,1022
2950,479,1022
2951,479,1021
2952,479,1022
2953,479,1022
2954,479,1022
2955,479,1022
2956,479,1022
2957,479,1021
2958,479,1022
2959,479,1022
2960,479,1022
2961,479,1022
2962,479,1022
2963,479,1022
2964,479,1022
2965,479,1022
2966,479,1022
2967,479,1021
2968,479,1022
2969,479,1022
2970,479,1021
2971,479,1022
2972,479,1022
2973,479,1022
2974,479,1022
2975,479,1023
2976,480,1022
2977,478,1022
2978,479,1021
2979,479,1022
2980,479,1022
2981,479,1022
2982,479,1022
2983,479,1021
2984,479,1022
2985,479,1023
2986,479,1022
2987,479,1022
2988,479,1022
2989,479,1022
2990,479,1021
2991,479,1021
2992,479,1022
2993,479,1022
2994,479,1022
2995,479,1022
2996,479,1022
2997,479,1022
2998,479,1021
2999,479,1021
3000,479,1022
3001,479,1022
3002,479,1022
3003,479,1022
3004,479,1022
3005,479,1022
3006,479,1022
3007,479,1022
3008,479,1022
3009,479,1022
3010,479,1021
3011,479,1022
3012,479,1022
3013,479,1022
3014,479,1022
3015,479,1022
3016,479,1022
3017,479,1021
3018,479,1022
3019,479,1022
3020,479,1022
3021,479,1022
3022,479,1022
3023,480,1022
3024,479,1022
3025,479,1022
3026,479,1022
3027,479,1022
3028,479,1022
3029,479,1022
3030,479,1022
3031,479,1022
3032,479,1022
3033,479,1022
3034,479,1022
3035,479,1022
3036,479,1022
3037,479,1022
3038,479,1022
3039,479,1022
3040,479,1022
3041,479,1022
3042,479,1022
3043,479,1022
3044,480,1022
3045,479,1022
3046,479,1022
3047,479,1022
3048,479,1022
3049,479,1022
3050,479,1022
3051,479,1022
3052,479,1023
3053,479,1021
3054,480,1022
3055,479,1022
3056,480,1022
3057,480,1021
3058,479,1022
3059,479,1022
3060,479,1023
3061,480,1022
3062,479,1022
3063,479,1022
3064,480,1022
3065,479,1022
3066,479,1023
3067,480,1022
3068,480,1022
3069,480,1021
3070,479,1022
3071,479,1022
3072,479,1022
3073,479,1022
3074,480,1022
3075,479,1022
3076,479,1022
3077,480,1021
3078,480,1021
3079,480,1022
3080,479,1022
3081,479,1022
3082,480,1022
3083,480,1022
3084,479,1021
3085,479,1022
3086,479,1022
3087,480,1022
3088,479,1022
3089,479,1021
3090,479,1022
3091,479,1022
3092,480,1022
3093,480,1022
3094,480,1022
3095,480,1022
3096,479,1022
3097,480,1021
3098,480,1022
3099,479,1021
3100,479,1022
3101,480,1022
3102,480,1022
3103,480,1022
3104,479,1021
3105,479,1022
3106,479,1023
3107,480,1022
3108,480,1021
3109,480,1022
3110,480,1022
3111,480,1022
3112,479,1022
3113,480,1022
3114,480,1022
3115,480,1022
3116,480,1021
3117,479,1022
3118,480,1022
3119,479,1022
3120,479,1022
3121,480,1023
3122,480,1022
3123,480,1022
3124,479,1021
3125,479,1022
3126,480,1022
3127,480,1022
3128,479,1022
3129,480,1022
3130,479,1022
3131,480,1022
3132,479,1022
3133,480,1022
3134,480,1022
3135,480,1021
3136,480,1022
3137,480,1022
3138,480,1022
3139,480,1022
3140,480,1021
3141,480,1022
3142,480,1022
3143,480,1021
3144,480,1022
3145,480,1022
3146,480,1022
3147,480,1022
3148,480,1022
3149,480,1022
3150,480,1022
3151,480,1021
3152,480,1022
3153,480,1022
3154,480,1022
3155,480,1021
3156,480,1022
3157,480,1022
3158,480,1023
3159,480,1022
3160,480,1022
3161,480,1022
3162,480,1022
3163,480,1022
3164,480,1022
3165,480,1022
3166,480,1022
3167,480,1022
3168,480,1022
3169,480,1022
3170,480,1022
3171,480,1021
3172,480,1022
3173,480,1022
3174,480,1022
3175,480,1022
3176,480,1022
3177,480,1022
3178,480,1022
3179,480,1022
3180,480,1022
3181,480,1023
3182,480,1022
3183,480,1022
3184,480,1022
3185,480,1022
3186,480,1022
3187,480,1022
3188,480,1022
3189,480,1022
3190,480,1022
3191,480,1022
3192,480,1022
3193,480,1022
3194,480,1022
3195,480,1022
3196,480,1022
3197,480,1022
3198,480,1022
3199,480,1022
3200,480,1022
3201,480,1022
3202,480,1022
3203,480,1022
3204,480,1022
3205,480,1022
3206,480,1022
3207,480,1022
3208,481,1022
3209,480,1021
3210,480,1022
3211,480,1022
3212,480,1022
3213,480,1022
3214,480,1022
3215,480,1022
3216,480,1022
3217,480,1022
3218,480,1022
3219,480,1022
3220,480,1022
3221,480,1022
3222,481,1021
3223,480,1022
3224,480,1022
3225,480,1022
3226,480,1022
3227,480,1022
3228,480,1022
3229,480,1023
3230,480,1021
3231,480,1022
3232,481,1022
3233,480,1022
3234,480,1022
3235,480,1022
3236,480,1022
3237,480,1022
3238,480,1022
3239,480,1022
3240,480,1022
3241,480,1022
3242,480,1022
3243,480,1022
3244,480,1022
3245,480,1022
3246,480,1022
3247,480,1022
3248,480,1022
3249,481,1022
3250,481,1021
3251,480,1022
3252,480,1022
3253,480,1022
3254,480,1022
3255,481,1022
3256,480,1022
3257,480,1022
3258,481,1022
3259,481,1022
3260,481,1022
3261,480,1022
3262,481,1022
3263,481,1022
3264,480,1022
3265,480,1022
3266,480,1022
3267,480,1022
3268,481,1022
3269,480,1021
3270,480,1021
3271,481,1022
3272,480,1022
3273,480,1022
3274,481,1022
3275,481,1022
3276,481,1022
3277,481,1022
3278,480,1022
3279,480,1022
3280,480,1023
3281,481,1022
3282,481,1022
3283,480,1022
3284,480,1022
3285,480,1022
3286,480,1022
3287,481,1022
3288,480,1022
3289,480,1021
3290,480,1022
3291,480,1022
3292,480,1022
3293,480,1022
3294,480,1022
3295,480,1022
3296,480,1022
3297,480,1022
3298,481,1022
3299,480,1022
3300,481,1022
3301,481,1022
3302,480,1022
3303,481,1022
3304,481,1022
3305,480,1021
3306,480,1022
3307,481,1022
3308,481,1021
3309,481,1022
3310,481,1022
3311,481,1022
3312,480,1021
3313,480,1022
3314,480,1022
3315,481,1022
3316,481,1021
3317,480,1022
3318,480,1022
3319,481,1022
3320,480,1021
3321,480,1022
3322,481,1022
3323,481,1022
3324,480,1022
3325,481,1022
3326,480,1022
3327,481,1022
3328,480,1022
3329,481,1022
3330,481,1022
3331,480,1022
3332,480,1022
3333,480,1022
3334,480,1022
3335,480,1022
3336,481,1022
3337,481,1022
3338,480,1022
3339,480,1022
3340,480,1022
3341,481,1022
3342,481,1022
3343,481,1021
3344,480,1022
3345,480,1023
3346,480,1022
3347,481,1022
3348,481,1022
3349,481,1023
3350,481,1022
3351,480,1021
3352,481,1022
3353,480,1022
3354,481,1022
3355,481,1022
3356,481,1022
3357,481,1022
3358,481,1022
3359,481,1022
3360,481,1022
3361,481,1022
3362,481,1022
3363,481,1021
3364,481,1022
3365,481,1022
3366,480,1022
3367,480,1022
3368,481,1022
3369,481,1022
3370,481,1022
3371,481,1021
3372,481,1022
3373,480,1022
3374,481,1022
3375,481,1022
3376,481,1022
3377,481,1022
3378,480,1022
3379,480,1021
3380,481,1022
3381,481,1022
3382,481,1022
3383,481,1022
3384,481,1022
3385,480,1023
3386,480,1022
3387,481,1022
3388,480,1022
3389,481,1022
3390,480,1023
3391,481,1022
3392,481,1022
3393,481,1022
3394,481,1022
3395,481,1022
3396,481,1021
3397,481,1021
3398,481,1022
3399,480,1022
3400,480,1022
3401,480,1022
3402,481,1022
3403,481,1022
3404,481,1022
3405,481,1022
3406,480,1022
3407,480,1022
3408,481,1022
3409,481,1022
3410,481,1022
3411,481,1021
3412,480,1022
3413,480,1022
3414,481,1022
3415,481,1022
3416,481,1022
3417,481,1022
3418,481,1021
3419,480,1022
3420,480,1022
3421,480,1022
3422,481,1022
3423,481,1023
3424,481,1022
3425,481,1022
3426,481,1021
3427,481,1022
3428,481,1022
3429,481,1022
3430,481,1022
3431,481,1022
3432,481,1022
3433,481,1022
3434,481,1021
3435,481,1022
3436,481,1022
3437,481,1022
3438,481,1022
3439,481,1022
3440,481,1022
3441,481,1022
3442,481,1022
3443,481,1022
3444,481,1022
3445,481,1022
3446,480,1022
3447,481,1022
3448,480,1022
3449,481,1022
3450,481,1022
3451,481,1022
3452,481,1022
3453,481,1022
3454,481,1021
3455,480,1022
3456,481,1022
3457,481,1022
3458,481,1021
3459,481,1022
3460,480,1022
3461,481,1022
3462,481,1022
3463,481,1022
3464,481,1022
3465,481,1022
3466,481,1021
3467,480,1022
3468,481,1022
3469,481,1022
3470,481,1021
3471,481,1022
3472,481,1022
3473,481,1023
3474,481,1022
3475,481,1022
3476,481,1023
3477,481,1022
3478,481,1022
3479,481,1022
3480,481,1022
3481,481,1022
3482,481,1022
3483,481,1022
3484,481,1022
3485,481,1021
3486,481,1022
3487,480,1022
3488,481,1022
3489,481,1022
3490,481,1022
3491,481,1022
3492,481,1021
3493,481,1022
3494,481,1022
3495,481,1022
3496,481,1022
3497,481,1022
3498,481,1022
3499,481,1022
3500,481,1022
3501,481,1022
3502,481,1022
3503,481,1022
3504,481,1022
3505,481,1021
3506,481,1022
3507,481,1022
3508,481,1022
3509,480,1022
3510,481,1022
3511,481,1022
3512,481,1022
3513,480,1021
3514,481,1022
3515,481,1022
3516,481,1022
3517,481,1022
3518,481,1022
3519,481,1022
3520,481,1021
3521,481,1022
3522,481,1022
3523,481,1022
3524,481,1023
3525,481,1022
3526,481,1022
3527,481,1022
3528,481,1022
3529,481,1022
3530,481,1022
3531,481,1022
3532,481,1021
3533,481,1022
3534,481,1022
3535,481,1023
3536,481,1021
3537,481,1022
3538,480,1022
3539,481,1022
3540,481,1021
3541,480,1022
3542,481,1022
3543,481,1022
3544,481,1021
3545,481,1022
3546,481,1022
3547,481,1023
3548,481,1022
3549,481,1022
3550,481,1022
3551,481,1022
3552,481,1021
3553,481,1022
3554,481,1022
3555,481,1022
3556,480,1022
3557,481,1022
3558,481,1022
3559,481,1021
3560,481,1021
3561,481,1021
3562,480,1022
3563,480,1022
3564,481,1022
3565,481,1022
3566,481,1022
3567,481,1021
3568,481,1022
3569,480,1022
3570,480,1022
3571,481,1022
3572,481,1022
3573,481,1022
3574,481,1022
3575,481,1022
3576,481,1022
3577,481,1022
3578,481,1022
3579,481,1021
3580,481,1022
3581,481,1022
3582,481,1022
3583,481,1022
3584,481,1022
3585,481,1022
3586,481,1023
3587,481,1021
3588,481,1021
3589,481,1022
3590,481,1022
3591,481,1022
3592,481,1022
3593,481,1022
3594,481,1022
3595,481,1021
3596,481,1022
3597,481,1023
3598,481,1022
3599,481,1022
3600,481,1021
3601,481,1022
3602,481,1022
3603,481,1022
3604,481,1022
3605,481,1022
3606,481,1022
3607,481,1021
3608,481,1022
3609,481,1022
3610,481,1022
3611,481,1022
3612,481,1022
3613,481,1022
3614,481,1021
3615,481,1022
3616,481,1022
3617,481,1022
3618,481,1022
3619,481,1022
3620,481,1022
3621,481,1022
3622,481,1022
3623,481,1022
3624,481,1022
3625,481,1022
3626,481,1022
3627,481,1021
3628,481,1022
3629,481,1022
3630,481,1022
3631,481,1022
3632,481,1022
3633,481,1022
3634,481,1022
3635,481,1021
3636,481,1022
3637,481,1022
3638,481,1022
3639,481,1022
3640,480,1022
3641,481,1022
3642,481,1022
3643,481,1022
3644,481,1022
3645,481,1022
3646,481,1022
3647,481,1022
3648,481,1022
3649,481,1022
3650,481,1021
3651,481,1022
3652,481,1022
3653,481,1022
3654,481,1022
3655,481,1022
3656,481,1022
3657,481,1022
3658,481,1022
3659,481,1022
3660,481,1022
3661,481,1022
3662,481,1023
3663,481,1022
3664,481,1022
3665,481,1022
3666,481,1022
3667,481,1022
3668,481,1022
3669,482,1022
3670,481,1021
3671,481,1022
3672,481,1022
3673,482,1022
3674,481,1022
3675,481,1021
3676,481,1022
3677,481,1022
3678,481,1021
3679,481,1022
3680,481,1023
3681,481,1022
3682,481,1021
3683,481,1021
3684,481,1022
3685,482,1022
3686,481,1022
3687,481,1022
3688,481,1022
3689,482,1022
3690,481,1021
3691,481,1022
3692,481,1022
3693,481,1022
3694,481,1021
3695,481,1022
3696,481,1022
3697,481,1023
3698,481,1021
3699,481,1022
3700,481,1023
3701,481,1022
3702,481,1022
3703,481,1022
3704,482,1022
3705,481,1021
3706,481,1021
3707,481,1022
3708,481,1023
3709,482,1022
3710,482,1022
3711,481,1022
3712,481,1022
3713,481,1022
3714,481,1022
3715,481,1022
3716,481,1022
3717,481,1022
3718,481,1022
3719,481,1022
3720,481,1022
3721,481,1022
3722,481,1022
3723,481,1022
3724,481,1022
3725,481,1021
3726,481,1022
3727,482,1022
3728,481,1022
3729,481,1022
3730,481,1022
3731,481,1022
3732,482,1022
3733,481,1021
3734,481,1022
3735,481,1022
3736,481,1022
3737,481,1022
3738,482,1022
3739,482,1022
3740,481,1021
3741,481,1022
3742,481,1022
3743,481,1022
3744,481,1022
3745,482,1022
3746,481,1022
3747,482,1022
3748,481,1022
3749,481,1022
3750,481,1022
3751,482,1022
3752,481,1022
3753,481,1021
3754,482,1022
3755,481,1022
3756,481,1022
3757,481,1022
3758,482,1022
3759,481,1022
3760,481,1021
3761,481,1021
3762,481,1021
3763,481,1021
3764,481,1021
3765,481,1021
3766,481,1021
3767,481,1021
3768,481,1021
3769,481,1021
3770,481,1021
3771,481,1022
3772,481,1021
3773,481,1021
3774,481,1021
3775,481,1021
3776,481,1021
3777,481,1021
3778,481,1021
3779,481,1021
3780,481,1021
3781,481,1022
3782,481,1021
3783,481,1021
3784,481,1021
3785,481,1021
3786,481,1021
3787,481,1021
3788,481,1021
3789,481,1021
3790,481,1021
3791,481,1022
3792,481,1021
3793,481,1021
3794,481,1021
3795,481,1021
3796,481,1022
3797,481,1021
3798,481,1021
3799,481,1021
3800,481,1021
3801,481,1021
3802,481,1021
3803,481,1022
3804,481,1021
3805,481,1022
3806,481,1021
3807,481,1021
3808,481,1021
3809,481,1022
3810,481,1021
3811,481,1021
3812,481,1021
3813,481,1021
3814,481,1022
3815,481,1021
3816,481,1022
3817,481,1021
3818,481,1022
3819,481,1021
3820,481,1021
3821,481,1021
3822,481,1021
3823,480,1021
3824,480,1021
3825,481,1021
3826,481,1022
3827,481,1021
3828,481,1021
3829,481,1021
3830,481,1021
3831,481,1021
3832,481,1021
3833,481,1022
3834,481,1021
3835,481,1021
3836,481,1021
3837,481,1022
3838,480,1022
3839,480,1022
3840,481,1021
3841,481,1021
3842,481,1021
3843,481,1021
3844,480,1021
3845,481,1021
3846,481,1021
3847,481,1021
3848,481,1021
3849,480,1021
3850,481,1021
3851,480,1021
3852,481,1021
3853,480,1022
3854,480,1022
3855,481,1021
3856,481,1021
3857,480,1021
3858,481,1021
3859,480,1021
3860,481,1022
3861,480,1021
3862,481,1021
3863,481,1021
3864,481,1021
3865,480,1021
3866,481,1021
3867,480,1021
3868,480,1021
3869,480,1022
3870,480,1021
3871,481,1021
3872,480,1022
3873,480,1021
3874,480,1021
3875,480,1021
3876,480,1021
3877,481,1021
3878,480,1021
3879,480,1021
3880,481,1021
3881,480,1022
3882,481,1021
3883,480,1021
3884,481,1021
3885,481,1022
3886,480,1021
3887,480,1021
3888,480,1022
3889,480,1022
3890,481,1022
3891,481,1021
3892,480,1021
3893,481,1021
3894,480,1021
3895,480,1022
3896,481,1021
3897,481,1022
3898,481,1021
3899,480,1021
3900,480,1022
3901,481,1021
3902,480,1021
3903,480,1022
3904,481,1022
3905,481,1022
3906,481,1021
3907,480,1021
3908,480,1021
3909,481,1022
3910,481,1021
3911,481,1021
3912,481,1021
3913,481,1021
3914,481,1022
3915,480,1021
3916,481,1022
3917,481,1021
3918,481,1021
3919,481,1021
3920,481,1021
3921,481,1021
3922,481,1021
3923,481,1021
3924,481,1022
3925,481,1022
3926,481,1021
3927,481,1021
3928,481,1021
3929,481,1021
3930,481,1021
3931,481,1022
3932,481,1021
3933,481,1021
3934,481,1021
3935,481,1022
3936,481,1022
3937,481,1021
3938,481,1022
3939,481,1021
3940,481,1021
3941,481,1021
3942,481,1022
3943,481,1021
3944,481,1022
3945,481,1022
3946,481,1021
3947,481,1021
3948,481,1021
3949,481,1021
3950,481,1021
3951,481,1021
3952,481,1022
3953,481,1021
3954,481,1021
3955,481,1021
3956,481,1022
3957,481,1021
3958,481,1021
3959,481,1021
3960,481,1021
3961,481,1021
3962,481,1021
3963,481,1021
3964,481,1021
3965,481,1021
3966,481,1021
3967,481,1021
3968,481,1022
3969,481,1021
3970,481,1021
3971,481,1021
3972,481,1021
3973,481,1021
3974,481,1021
3975,481,1021
3976,481,1021
3977,481,1021
3978,481,1021
3979,481,1022
3980,481,1022
3981,481,1021
3982,481,1021
3983,481,1021
3984,481,1021
3985,481,1021
3986,481,1022
3987,481,1021
3988,481,1021
3989,481,1021
3990,481,1021
3991,481,1021
3992,481,1021
3993,481,1021
3994,481,1022
3995,482,1021
3996,481,1021
3997,481,1021
3998,481,1021
3999,481,1021
4000,482,1022
4001,481,1021
4002,481,1021
4003,481,1021
4004,481,1021
4005,481,1021
4006,481,1022
4007,481,1022
4008,481,1022
4009,481,1021
4010,481,1021
4011,481,1021
4012,481,1021
4013,481,1022
4014,481,1022
4015,481,1021
4016,481,1021
4017,482,1021
4018,481,1021
4019,481,1022
4020,481,1021
4021,481,1021
4022,481,1022
4023,481,1021
4024,481,1021
4025,481,1021
4026,481,1021
4027,481,1022
4028,481,1022
4029,481,1021
4030,481,1022
4031,481,1021
4032,481,1022
4033,481,1021
4034,481,1022
4035,481,1022
4036,482,1021
4037,481,1021
4038,481,1021
4039,481,1021
4040,481,1021
4041,481,1021
4042,481,1022
4043,481,1021
4044,481,1021
4045,481,1021
4046,481,1021
4047,481,1021
4048,481,1021
4049,481,1021
4050,481,1021
4051,481,1021
4052,481,1021
4053,481,1021
4054,481,1021
4055,481,1022
4056,481,1021
4057,482,1021
4058,482,1022
4059,482,1021
4060,481,1021
4061,481,1021
4062,481,1021
4063,482,1021
4064,481,1021
4065,482,1022
4066,481,1022
4067,482,1021
4068,481,1021
4069,481,1021
4070,482,1022
4071,481,1022
4072,482,1021
4073,481,1021
4074,482,1021
4075,481,1021
4076,481,1021
4077,482,1022
4078,482,1021
4079,481,1021
4080,481,1021
4081,482,1021
4082,481,1021
4083,481,1021
4084,481,1021
4085,481,1021
4086,482,1021
4087,482,1021
4088,481,1021
4089,481,1022
4090,481,1022
4091,481,1021
4092,482,1021
4093,482,1021
4094,482,1022
4095,481,1021
4096,482,1021
4097,481,1021
4098,481,1021
4099,481,1021
4100,482,1021
4101,482,1021
4102,481,1022
4103,481,1021
4104,481,1021
4105,482,1022
4106,482,1022
4107,482,1021
4108,482,1022
4109,481,1022
4110,481,1022
4111,481,1022
4112,482,1021
4113,482,1022
4114,481,1021
4115,482,1021
4116,482,1021
4117,482,1021
4118,482,1022
4119,481,1021
4120,481,1021
4121,482,1022
4122,482,1021
4123,481,1021
4124,481,1022
4125,481,1022
4126,482,1021
4127,482,1021
4128,482,1022
4129,482,1021
4130,482,1021
4131,481,1021
4132,482,1021
4133,482,1022
4134,482,1022
4135,482,1022
4136,482,1021
4137,481,1021
4138,481,1022
4139,482,1021
4140,482,1021
4141,482,1022
4142,482,1021
4143,481,1021
4144,481,1021
4145,482,1021
4146,482,1021
4147,482,1021
4148,482,1022
4149,482,1022
4150,481,1021
4151,482,1021
4152,482,1021
4153,482,1022
4154,482,1021
4155,482,1022
4156,482,1021
4157,482,1022
4158,482,1021
4159,482,1021
4160,482,1022
4161,482,1022
4162,482,1021
4163,482,1021
4164,482,1021
4165,482,1021
4166,482,1021
4167,482,1021
4168,482,1022
4169,482,1021
4170,482,1022
4171,482,1022
4172,482,1021
4173,482,1022
4174,482,1021
4175,482,1021
4176,482,1022
4177,482,1022
4178,482,1021
4179,482,1021
4180,482,1021
4181,482,1021
4182,482,1021
4183,482,1021
4184,482,1021
4185,482,1021
4186,482,1021
4187,482,1021
4188,482,1021
4189,482,1021
4190,482,1021
4191,482,1022
4192,482,1021
4193,482,1021
4194,482,1021
4195,482,1021
4196,482,1022
4197,482,1021
4198,482,1021
4199,482,1021
4200,482,1021
4201,481,1021
4202,482,1021
4203,482,1022
4204,482,1021
4205,482,1021
4206,482,1021
4207,482,1021
4208,482,1021
4209,482,1021
4210,482,1021
4211,482,1021
4212,482,1021
4213,482,1021
4214,482,1021
4215,482,1021
4216,482,1022
4217,482,1022
4218,482,1022
4219,482,1022
4220,482,1022
4221,482,1022
4222,482,1021
4223,482,1021
4224,482,1022
4225,482,1021
4226,482,1021
4227,482,1021
4228,482,1022
4229,482,1021
4230,482,1021
4231,482,1022
4232,482,1021
4233,482,1021
4234,482,1021
4235,482,1021
4236,482,1021
4237,482,1021
4238,482,1021
4239,482,1021
4240,482,1022
4241,482,1021
4242,482,1021
4243,482,1021
4244,482,1022
4245,482,1021
4246,482,1022
4247,482,1022
4248,482,1021
4249,482,1021
4250,482,1021
4251,482,1021
4252,481,1021
4253,482,1021
4254,482,1022
4255,482,1021
4256,482,1021
4257,482,1021
4258,482,1021
4259,482,1021
4260,482,1021
4261,482,1021
4262,482,1021
4263,482,1021
4264,482,1021
4265,482,1021
4266,482,1021
4267,482,1022
4268,483,1021
4269,482,1021
4270,482,1021
4271,482,1021
4272,482,1021
4273,482,1021
4274,482,1021
4275,482,1021
4276,483,1021
4277,482,1021
4278,482,1021
4279,482,1022
4280,482,1022
4281,482,1022
4282,482,1021
4283,482,1021
4284,482,1021
4285,482,1021
4286,482,1022
4287,482,1022
4288,482,1022
4289,482,1021
4290,482,1021
4291,482,1021
4292,482,1021
4293,482,1021
4294,482,1022
4295,482,1021
4296,482,1022
4297,482,1021
4298,482,1021
4299,482,1021
4300,482,1021
4301,482,1021
4302,482,1022
4303,481,1022
4304,482,1021
4305,482,1021
4306,482,1021
4307,482,1022
4308,482,1022
4309,482,1022
4310,482,1022
4311,482,1021
4312,482,1022
4313,482,1021
4314,482,1021
4315,482,1022
4316,482,1021
4317,482,1021
4318,482,1021
4319,482,1021
4320,482,1022
4321,482,1021
4322,482,1022
4323,482,1021
4324,482,1021
4325,482,1021
4326,482,1021
4327,482,1022
4328,482,1021
4329,482,1021
4330,483,1022
4331,482,1022
4332,482,1021
4333,483,1021
4334,482,1021
4335,482,1021
4336,482,1021
4337,482,1021
4338,482,1022
4339,482,1022
4340,483,1021
4341,483,1021
4342,482,1021
4343,482,1022
4344,483,1021
4345,482,1021
4346,482,1021
4347,482,1022
4348,482,1021
4349,482,1021
4350,482,1021
4351,482,1022
4352,482,1021
4353,482,1022
4354,482,1022
4355,482,1021
4356,482,1021
4357,483,1021
4358,482,1021
4359,482,1021
4360,482,1021
4361,482,1021
4362,482,1022
4363,482,1021
4364,482,1021
4365,482,1021
4366,482,1022
4367,482,1021
4368,483,1021
4369,482,1021
4370,482,1021
4371,482,1021
4372,482,1021
4373,482,1021
4374,482,1022
4375,482,1021
4376,482,1021
4377,482,1021
4378,482,1021
4379,482,1021
4380,482,1021
4381,482,1022
4382,482,1021
4383,482,1021
4384,482,1021
4385,482,1021
4386,482,1022
4387,482,1021
4388,482,1021
4389,482,1021
4390,482,1022
4391,482,1022
4392,482,1021
4393,482,1021
4394,482,1021
4395,482,1021
4396,482,1021
4397,482,1021
4398,482,1022
4399,482,1021
4400,482,1022
4401,482,1022
4402,482,1021
4403,483,1022
4404,483,1021
4405,482,1021
4406,482,1022
4407,482,1021
4408,482,1021
4409,482,1022
4410,482,1021
4411,482,1021
4412,482,1021
4413,482,1021
4414,482,1021
4415,482,1022
4416,482,1022
4417,483,1022
4418,482,1021
4419,482,1021
4420,482,1021
4421,482,1022
4422,482,1021
4423,482,1021
4424,482,1021
4425,482,1021
4426,482,1021
4427,482,1021
4428,482,1022
4429,482,1021
4430,482,1021
4431,482,1021
4432,482,1021
4433,482,1021
4434,482,1021
4435,482,1021
4436,482,1022
4437,482,1021
4438,482,1022
4439,482,1021
4440,482,1021
4441,482,1016
4442,482,1005
4443,482,992
4444,482,976
4445,482,932
4446,482,866
4447,482,782
4448,482,703
4449,482,616
4450,482,521
4451,482,449
4452,482,371
4453,482,286
4454,482,192
4455,482,116
4456,482,43
4457,482,13
4458,481,0
4459,482,0
4460,482,0
4461,481,0
4462,482,0
4463,481,0
4464,482,0
4465,482,0
4466,481,0
4467,482,0
4468,481,0
4469,481,0
4470,481,0
4471,482,0
4472,481,0
4473,481,0
4474,482,0
4475,482,0
4476,481,0
4477,481,0
4478,482,0
4479,482,0
4480,482,0
4481,482,0
4482,481,0
4483,481,0
4484,481,0
4485,482,0
4486,482,0
4487,481,0
4488,481,0
4489,481,0
4490,481,0
4491,482,0
4492,482,0
4493,482,0
4494,482,0
4495,482,0
4496,482,0
4497,482,0
4498,482,0
4499,482,0
4500,482,0
4501,482,0
4502,482,0
4503,481,0
4504,482,0
4505,482,0
4506,482,0
4507,481,0
4508,482,0
4509,481,0
4510,481,0
4511,482,0
4512,482,0
4513,481,0
4514,481,0
4515,481,0
4516,481,0
4517,481,0
4518,482,0
4519,481,0
4520,481,0
4521,481,0
4522,482,0
4523,481,0
4524,481,0
4525,481,0
4526,481,0
4527,481,0
4528,481,0
4529,481,0
4530,482,0
4531,481,0
4532,481,0
4533,481,0
4534,481,0
4535,481,0
4536,481,0
4537,481,0
4538,482,0
4539,481,0
4540,481,0
4541,481,0
4542,481,0
4543,481,0
4544,481,0
4545,481,0
4546,481,0
4547,481,0
4548,481,0
4549,481,0
4550,481,0
4551,481,0
4552,481,0
4553,481,0
4554,481,0
4555,481,0
4556,481,0
4557,481,0
4558,481,0
4559,481,0
4560,481,0
4561,481,0
4562,481,0
4563,481,0
4564,481,0
4565,481,0
4566,481,0
4567,481,0
4568,481,0
4569,480,0
4570,481,0
4571,481,0
4572,481,0
4573,481,0
4574,481,0
4575,481,0
4576,481,0
4577,480,0
4578,481,0
4579,481,0
4580,480,0
4581,480,0
4582,481,0
4583,481,0
4584,480,0
4585,480,0
4586,481,0
4587,481,0
4588,480,0
4589,480,0
4590,480,0
4591,480,0
4592,480,0
4593,480,0
4594,480,0
4595,480,0
4596,480,0
4597,480,0
4598,480,0
4599,480,0
4600,480,0
4601,481,0
4602,481,0
4603,480,0
4604,481,0
4605,480,0
4606,480,0
4607,480,0
4608,480,0
4609,480,0
4610,480,0
4611,480,0
4612,480,0
4613,480,0
4614,480,0
4615,480,0
4616,480,0
4617,480,0
4618,480,0
4619,480,0
4620,480,0
4621,480,0
4622,480,0
4623,480,0
4624,480,0
4625,480,0
4626,480,0
4627,480,0
4628,480,0
4629,480,0
4630,480,0
4631,480,0
4632,480,0
4633,480,0
4634,480,0
4635,480,0
4636,480,0
4637,480,0
4638,480,0
4639,480,0
4640,479,0
4641,480,0
4642,480,0
4643,480,0
4644,480,0
4645,480,0
4646,480,0
4647,480,0
4648,480,0
4649,480,0
4650,480,0
4651,480,0
4652,480,0
4653,480,0
4654,480,0
4655,480,0
4656,480,0
4657,480,0
4658,479,0
4659,480,0
4660,480,0
4661,480,0
4662,480,0
4663,479,0
4664,480,0
4665,480,0
4666,480,0
4667,479,0
4668,480,0
4669,479,0
4670,479,0
4671,480,0
4672,479,0
4673,479,0
4674,479,0
4675,479,0
4676,479,0
4677,479,0
4678,479,0
4679,479,0
4680,479,0
4681,479,0
4682,479,0
4683,479,0
4684,479,0
4685,479,0
4686,479,0
4687,479,0
4688,479,0
4689,479,0
4690,479,0
4691,479,0
4692,479,0
4693,479,0
4694,479,0
4695,479,0
4696,479,0
4697,479,0
4698,479,0
4699,479,0
4700,479,0
4701,479,0
4702,479,0
4703,479,0
4704,479,0
4705,479,0
4706,479,0
4707,478,0
4708,479,0
4709,479,0
4710,478,0
4711,479,0
4712,479,0
4713,478,0
4714,478,0
4715,479,0
4716,479,0
4717,478,0
4718,478,0
4719,478,0
4720,479,0
4721,478,0
4722,478,0
4723,478,0
4724,478,0
4725,478,0
4726,478,0
4727,478,0
4728,478,0
4729,478,0
4730,478,0
4731,478,0
4732,478,0
4733,478,0
4734,478,0
4735,478,0
4736,478,0
4737,478,0
4738,478,0
4739,478,0
4740,478,0
4741,478,0
4742,478,0
4743,478,0
4744,478,0
4745,478,0
4746,478,0
4747,478,0
4748,478,0
4749,478,0
4750,478,0
4751,478,0
4752,478,0
4753,478,0
4754,478,0
4755,478,0
4756,478,0
4757,478,0
4758,477,0
4759,478,0
4760,478,0
4761,478,0
4762,477,0
4763,478,0
4764,478,0
4765,477,0
4766,478,0
4767,478,0
4768,477,0
4769,477,0
4770,478,0
4771,478,0
4772,477,0
4773,477,0
4774,478,0
4775,478,0
4776,477,0
4777,477,0
4778,478,0
4779,477,0
4780,477,0
4781,477,0
4782,477,0
4783,477,0
4784,477,0
4785,477,0
4786,477,0
4787,477,0
4788,477,0
4789,477,0
4790,477,0
4791,477,0
4792,477,0
4793,477,0
4794,477,0
4795,477,0
4796,477,0
4797,477,0
4798,477,0
4799,477,0
4800,477,0
4801,477,0
4802,477,0
4803,477,0
4804,477,0
4805,477,0
4806,477,0
4807,476,0
4808,477,0
4809,476,0
4810,476,0
4811,477,0
4812,477,0
4813,477,0
4814,476,0
4815,477,0
4816,476,0
4817,476,0
4818,477,0
4819,477,0
4820,476,0
4821,476,0
4822,476,0
4823,476,0
4824,477,0
4825,476,0
4826,476,0
4827,476,0
4828,476,0
4829,476,0
4830,476,0
4831,476,0
4832,476,0
4833,476,0
4834,476,0
4835,476,0
4836,476,0
4837,476,0
4838,476,0
4839,476,0
4840,476,0
4841,476,0
4842,476,0
4843,476,0
4844,476,0
4845,476,0
4846,476,0
4847,476,0
4848,476,0
4849,476,0
4850,476,0
4851,475,0
4852,476,0
4853,476,0
4854,475,0
4855,476,0
4856,476,0
4857,476,0
4858,475,0
4859,476,0
4860,476,0
4861,475,0
4862,476,0
4863,476,0
4864,475,0
4865,475,0
4866,475,0
4867,476,0
4868,476,0
4869,475,0
4870,475,0
4871,475,0
4872,475,0
4873,475,0
4874,475,0
4875,476,0
4876,475,0
4877,475,0
4878,475,0
4879,475,0
4880,475,0
4881,475,0
4882,475,0
4883,475,0
4884,475,0
4885,475,0
4886,475,0
4887,475,0
4888,475,0
4889,475,0
4890,475,0
4891,475,0
4892,475,0
4893,475,0
4894,475,0
4895,475,0
4896,475,0
4897,475,0
4898,475,0
4899,475,0
4900,475,0
4901,475,0
4902,474,0
4903,475,0
4904,475,0
4905,475,0
4906,475,0
4907,474,0
4908,475,0
4909,474,0
4910,474,0
4911,475,0
4912,474,0
4913,474,0
4914,475,0
4915,475,0
4916,474,0
4917,475,0
4918,474,0
4919,474,0
4920,474,0
4921,474,0
4922,474,0
4923,474,0
4924,474,0
4925,474,0
4926,475,0
4927,474,0
4928,474,0
4929,474,0
4930,475,0
4931,474,0
4932,474,0
4933,474,0
4934,474,0
4935,474,0
4936,474,0
4937,474,0
4938,474,0
4939,474,0
4940,474,0
4941,474,0
4942,474,0
4943,474,0
4944,474,0
4945,474,0
4946,474,0
4947,474,0
4948,474,0
4949,474,0
4950,474,0
4951,474,0
4952,474,0
4953,474,0
4954,474,0
4955,474,0
4956,474,0
4957,474,0
4958,474,0
4959,474,0
4960,474,0
4961,473,0
4962,474,0
4963,474,0
4964,473,0
4965,473,0
4966,474,0
4967,474,0
4968,474,0
4969,473,0
4970,474,0
4971,474,0
4972,473,0
4973,474,0
4974,474,0
4975,473,0
4976,473,0
4977,474,0
4978,474,0
4979,473,0
4980,473,0
4981,473,0
4982,473,0
4983,473,0
4984,473,0
4985,473,0
4986,473,0
4987,473,0
4988,473,0
4989,473,0
4990,473,0
4991,473,0
4992,473,0
4993,473,0
4994,473,0
4995,473,0
4996,473,0
4997,473,0
4998,473,0
4999,473,0
5000,473,0
5001,473,0
5002,473,0
5003,473,0
5004,473,0
5005,473,0
5006,473,0
5007,473,0
5008,473,0
5009,473,0
5010,473,0
5011,472,0
5012,472,0
5013,472,0
5014,473,0
5015,473,0
5016,473,0
5017,473,0
5018,473,0
5019,473,0
5020,472,0
5021,472,0
5022,473,0
5023,472,0
5024,472,0
5025,472,0
5026,472,0
5027,472,0
5028,472,0
5029,473,0
5030,472,0
5031,472,0
5032,472,0
5033,472,0
5034,472,0
5035,472,0
5036,472,0
5037,472,0
5038,472,0
5039,472,0
5040,472,0
5041,472,0
5042,472,0
5043,472,0
5044,472,0
5045,472,0
5046,472,0
5047,472,0
5048,472,0
5049,472,0
5050,472,0
5051,472,0
5052,472,0
5053,472,0
5054,472,0
5055,472,0
5056,472,0
5057,472,0
5058,472,0
5059,472,0
5060,472,0
5061,472,0
5062,472,0
5063,472,0
5064,472,0
5065,472,0
5066,472,0
5067,471,0
5068,472,0
5069,472,0
5070,472,0
5071,471,0
5072,471,0
5073,472,0
5074,472,0
5075,472,0
5076,472,0
5077,472,0
5078,472,0
5079,472,0
5080,472,0
5081,472,0
5082,471,0
5083,472,0
5084,471,0
5085,472,0
5086,472,0
5087,471,0
5088,471,0
5089,471,0
5090,471,0
5091,472,0
5092,471,0
5093,472,0
5094,471,0
5095,472,0
5096,471,0
5097,471,0
5098,471,0
5099,471,0
5100,471,0
5101,471,0
5102,471,0
5103,471,0
5104,471,0
5105,471,0
5106,472,0
5107,472,0
5108,471,0
5109,471,0
5110,471,0
5111,471,0
5112,471,0
5113,471,0
5114,471,0
5115,471,0
5116,471,0
5117,471,0
5118,471,0
5119,471,0
5120,471,0
5121,471,0
5122,471,0
5123,471,0
5124,471,0
5125,472,0
5126,471,0
5127,471,0
5128,471,0
5129,471,0
5130,471,0
5131,471,0
5132,471,0
5133,471,0
5134,471,0
5135,471,0
5136,471,0
5137,471,0
5138,471,0
5139,471,0
5140,471,0
5141,471,0
5142,471,0
5143,471,0
5144,471,0
5145,471,0
5146,471,0
5147,471,0
5148,471,0
5149,471,0
5150,471,0
5151,471,0
5152,471,0
5153,471,0
5154,471,0
5155,471,0
5156,470,0
5157,471,0
5158,471,0
5159,470,0
5160,471,0
5161,471,0
5162,471,0
5163,471,0
5164,471,0
5165,471,0
5166,471,0
5167,470,0
5168,470,0
5169,470,0
5170,471,0
5171,470,0
5172,471,0
5173,471,0
5174,470,0
5175,470,0
5176,470,0
5177,471,0
5178,470,0
5179,471,0
5180,471,0
5181,470,0
5182,470,0
5183,470,0
5184,470,0
5185,470,0
5186,470,0
5187,471,0
5188,470,0
5189,470,0
5190,470,0
5191,471,0
5192,470,0
5193,470,0
5194,470,0
5195,470,0
5196,471,0
5197,470,0
5198,470,0
5199,470,0
5200,470,0
5201,470,0
5202,471,0
5203,471,0
5204,470,0
5205,470,0
5206,470,0
5207,470,0
5208,470,0
5209,470,0
5210,470,0
5211,470,0
5212,470,0
5213,470,0
5214,470,0
5215,470,0
5216,470,0
5217,470,0
5218,470,0
5219,470,0
5220,470,0
5221,470,0
5222,470,0
5223,470,0
5224,470,0
5225,470,0
5226,470,0
5227,470,0
5228,470,0
5229,470,0
5230,470,0
5231,470,0
5232,470,0
5233,470,0
5234,470,0
5235,470,0
5236,470,0
5237,470,0
5238,470,0
5239,470,0
5240,470,0
5241,470,0
5242,470,0
5243,469,0
5244,469,0
5245,470,0
5246,470,0
5247,470,0
5248,470,0
5249,469,0
5250,470,0
5251,469,0
5252,469,0
5253,470,0
5254,470,0
5255,470,0
5256,469,0
5257,470,0
5258,470,0
5259,470,0
5260,470,0
5261,470,0
5262,469,0
5263,469,0
5264,470,0
5265,470,0
5266,469,0
5267,469,0
5268,470,0
5269,469,0
5270,469,0
5271,469,0
5272,470,0
5273,470,0
5274,469,0
5275,470,0
5276,469,0
5277,469,0
5278,469,0
5279,469,0
5280,469,0
5281,469,0
5282,469,0
5283,470,0
5284,470,0
5285,469,0
5286,469,0
5287,469,0
5288,469,0
5289,469,0
5290,469,0
5291,469,0
5292,469,0
5293,469,0
5294,470,0
5295,469,0
5296,469,0
5297,469,0
5298,469,0
5299,469,0
5300,469,0
5301,469,0
5302,469,0
5303,469,0
5304,469,0
5305,469,0
5306,469,0
5307,469,0
5308,469,0
5309,469,0
5310,469,0
5311,469,0
5312,469,0
5313,469,0
5314,469,0
5315,469,0
5316,469,0
5317,469,0
5318,469,0
5319,469,0
5320,469,0
5321,469,0
5322,469,0
5323,469,0
5324,469,0
5325,469,0
5326,469,0
5327,469,0
5328,469,0
5329,469,0
5330,469,0
5331,469,0
5332,469,0
5333,469,0
5334,469,0
5335,469,0
5336,469,0
5337,469,0
5338,469,0
5339,469,0
5340,469,0
5341,469,0
5342,469,0
5343,469,0
5344,469,0
5345,469,0
5346,469,0
5347,469,0
5348,469,0
5349,469,0
5350,468,0
5351,469,0
5352,469,0
5353,469,0
5354,469,0
5355,469,0
5356,469,0
5357,469,0
5358,468,0
5359,468,0
5360,469,0
5361,468,0
5362,469,0
5363,469,0
5364,469,0
5365,468,0
5366,468,0
5367,469,0
5368,468,0
5369,468,0
5370,468,0
5371,468,0
5372,468,0
5373,469,0
5374,469,0
5375,469,0
5376,468,0
5377,468,0
5378,469,0
5379,468,0
5380,468,0
5381,468,0
5382,469,0
5383,468,0
5384,468,0
5385,469,0
5386,468,0
5387,468,0
5388,468,0
5389,468,0
5390,468,0
5391,468,0
5392,468,0
5393,468,0
5394,468,0
5395,468,0
5396,468,0
5397,468,0
5398,468,0
5399,468,0
5400,468,0
5401,468,0
5402,468,0
5403,468,0
5404,468,0
5405,468,0
5406,468,0
5407,468,0
5408,468,0
5409,468,0
5410,468,0
5411,468,0
5412,468,0
5413,468,0
5414,468,0
5415,468,0
5416,468,0
5417,468,0
5418,468,0
5419,468,0
5420,468,0
5421,468,0
5422,468,0
5423,468,0
5424,468,0
5425,468,0
5426,468,0
5427,468,0
5428,468,0
5429,468,0
5430,468,0
5431,468,0
5432,468,0
5433,468,0
5434,468,0
5435,468,0
5436,468,0
5437,468,0
5438,468,0
5439,468,0
5440,468,0
5441,468,0
5442,468,0
5443,468,0
5444,468,0
5445,468,0
5446,467,0
5447,468,0
5448,468,0
5449,468,0
5450,468,0
5451,468,0
5452,468,0
5453,468,0
5454,468,0
5455,468,0
5456,468,0
5457,468,0
5458,468,0
5459,468,0
5460,467,0
5461,468,0
5462,468,0
5463,468,0
5464,467,0
5465,467,0
5466,468,0
5467,468,0
5468,467,0
5469,468,0
5470,468,0
5471,467,0
5472,467,0
5473,467,0
5474,468,0
5475,468,0
5476,467,0
5477,468,0
5478,468,0
5479,467,0
5480,467,0
5481,467,0
5482,467,0
5483,467,0
5484,467,0
5485,467,0
5486,467,0
5487,467,0
5488,468,0
5489,468,0
5490,467,0
5491,467,0
5492,467,0
5493,467,0
5494,467,0
5495,467,0
5496,467,0
5497,467,0
5498,467,0
5499,467,0
5500,467,0
5501,467,0
5502,467,0
5503,467,0
5504,467,0
5505,467,0
5506,467,0
5507,467,0
5508,467,0
5509,467,0
5510,467,0
5511,467,0
5512,467,0
5513,467,0
5514,467,0
5515,467,0
5516,467,0
5517,467,0
5518,467,0
5519,467,0
5520,467,0
5521,467,0
5522,467,0
5523,467,0
5524,467,0
5525,467,0
5526,467,0
5527,467,0
5528,467,0
5529,467,0
5530,467,0
5531,467,0
5532,467,0
5533,467,0
5534,467,0
5535,467,0
5536,467,0
5537,467,0
5538,467,0
5539,467,0
5540,467,0
5541,467,0
5542,467,0
5543,467,0
5544,467,0
5545,466,0
5546,467,0
5547,467,0
5548,467,0
5549,467,0
5550,467,0
5551,467,0
5552,467,0
5553,467,0
5554,467,0
5555,467,0
5556,467,0
5557,467,0
5558,467,0
5559,467,0
5560,467,0
5561,467,0
5562,467,0
5563,467,0
5564,466,0
5565,467,0
5566,467,0
5567,467,0
5568,467,0
5569,466,0
5570,467,0
5571,466,0
5572,467,0
5573,467,0
5574,466,0
5575,466,0
5576,467,0
5577,466,0
5578,467,0
5579,467,0
5580,467,0
5581,467,0
5582,466,0
5583,467,0
5584,466,0
5585,467,0
5586,467,0
5587,467,0
5588,466,0
5589,466,0
5590,467,0
5591,467,0
5592,466,0
5593,466,0
5594,467,0
5595,466,0
5596,467,0
5597,467,0
5598,467,0
5599,466,0
5600,466,0
5601,466,0
5602,467,0
5603,466,0
5604,467,0
5605,467,0
5606,466,0
5607,466,0
5608,466,0
5609,466,0
5610,467,0
5611,466,0
5612,466,0
5613,466,0
5614,466,0
5615,466,0
5616,466,0
5617,466,0
5618,466,0
5619,466,0
5620,466,0
5621,466,0
5622,466,0
5623,466,0
5624,466,0
5625,466,0
5626,466,0
5627,466,0
5628,466,0
5629,466,0
5630,467,0
5631,466,0
5632,466,0
5633,466,0
5634,466,0
5635,466,0
5636,466,0
5637,466,0
5638,466,0
5639,466,0
5640,466,0
5641,466,0
5642,466,0
5643,466,0
5644,466,0
5645,466,0
5646,466,0
5647,466,0
5648,466,0
5649,467,0
5650,466,0
5651,466,0
5652,466,0
5653,466,0
5654,466,0
5655,466,0
5656,466,0
5657,466,0
5658,466,0
5659,466,0
5660,467,0
5661,466,0
5662,466,0
5663,466,0
5664,466,0
5665,466,0
5666,466,0
5667,466,0
5668,466,0
5669,466,0
5670,466,0
5671,466,0
5672,466,0
5673,466,0
5674,466,0
5675,466,0
5676,466,0
5677,466,0
5678,466,0
5679,466,0
5680,466,0
5681,466,0
5682,466,0
5683,466,0
5684,466,0
5685,466,0
5686,466,0
5687,465,0
5688,465,0
5689,466,0
5690,466,0
5691,466,0
5692,465,0
5693,466,0
5694,465,0
5695,465,0
5696,465,0
5697,465,0
5698,465,0
5699,465,0
5700,465,0
5701,466,0
5702,465,0
5703,465,0
5704,465,0
5705,465,0
5706,465,0
5707,465,0
5708,465,0
5709,465,0
5710,465,0
5711,465,0
5712,465,0
5713,465,0
5714,465,0
5715,465,0
5716,465,0
5717,465,0
5718,465,0
5719,465,0
5720,465,0
5721,465,0
5722,465,0
5723,465,0
5724,465,0
5725,465,0
5726,465,0
5727,465,0
5728,465,0
5729,465,0
5730,465,0
5731,465,0
5732,465,0
5733,465,0
5734,465,0
5735,464,0
5736,465,0
5737,465,0
5738,465,0
5739,465,0
5740,465,0
5741,465,0
5742,465,0
5743,465,0
5744,465,0
5745,465,0
5746,465,0
5747,465,0
5748,465,0
5749,464,0
5750,465,0
5751,465,0
5752,465,0
5753,465,0
5754,465,0
5755,465,0
5756,465,0
5757,465,0
5758,465,0
5759,465,0
5760,465,0
5761,464,0
5762,465,0
5763,465,0
5764,465,0
5765,464,0
5766,465,0
5767,464,0
5768,464,0
5769,465,0
5770,465,0
5771,464,0
5772,464,0
5773,465,0
5774,464,0
5775,464,0
5776,465,0
5777,465,0
5778,464,0
5779,464,0
5780,465,0
5781,465,0
5782,464,0
5783,465,0
5784,465,0
5785,464,0
5786,464,0
5787,465,0
5788,465,0
5789,464,0
5790,464,0
5791,465,0
5792,464,0
5793,464,0
5794,465,0
5795,464,0
5796,464,0
5797,464,0
5798,465,0
5799,465,0
5800,464,0
5801,464,0
5802,465,0
5803,464,0
5804,464,0
5805,464,0
5806,465,0
5807,464,0
5808,465,0
5809,465,0
5810,465,0
5811,464,0
5812,465,0
5813,464,0
5814,464,0
5815,464,0
5816,465,0
5817,465,0
5818,464,0
5819,464,0
5820,464,0
5821,464,0
5822,464,0
5823,465,0
5824,465,0
5825,464,0
5826,464,0
5827,464,0
5828,464,0
5829,464,0
5830,465,0
5831,465,0
5832,464,0
5833,464,0
5834,464,0
5835,464,0
5836,464,0
5837,464,0
5838,464,0
5839,464,0
5840,464,0
5841,465,0
5842,465,0
5843,465,0
5844,464,0
5845,465,0
5846,464,0
5847,464,0
5848,464,0
5849,465,0
5850,465,0
5851,464,0
5852,464,0
5853,464,0
5854,464,0
5855,464,0
5856,464,0
5857,464,0
5858,464,0
5859,465,0
5860,464,0
5861,465,0
5862,464,0
5863,464,0
5864,464,0
5865,464,0
5866,464,0
5867,464,0
5868,465,0
5869,464,0
5870,464,0
5871,464,0
5872,464,0
5873,464,0
5874,464,0
5875,464,0
5876,464,0
5877,464,0
5878,465,0
5879,464,0
5880,464,0
5881,464,0
5882,465,0
5883,464,0
5884,464,0
5885,464,0
5886,464,0
5887,464,0
5888,464,0
5889,464,0
5890,465,0
5891,464,0
5892,464,0
5893,464,0
5894,464,0
5895,464,0
5896,464,0
5897,464,0
5898,464,0
5899,464,0
5900,464,0
5901,464,0
5902,464,0
5903,464,0
5904,464,0
5905,464,0
5906,464,0
5907,464,0
5908,464,0
5909,464,0
5910,464,0
5911,464,0
5912,464,0
5913,464,0
5914,464,0
5915,464,0
5916,464,0
5917,464,0
5918,464,0
5919,464,0
5920,464,0
5921,464,0
5922,464,0
5923,464,0
5924,464,0
5925,464,0
5926,464,0
5927,464,0
5928,464,0
5929,464,0
5930,464,0
5931,464,0
5932,464,0
5933,464,0
5934,464,0
5935,464,0
5936,464,0
5937,464,0
5938,464,0
5939,464,0
5940,464,0
5941,464,0
5942,464,0
5943,464,0
5944,464,0
5945,464,0
5946,464,0
5947,464,0
5948,464,0
5949,464,0
5950,464,0
5951,464,0
5952,464,0
5953,464,0
5954,464,0
5955,464,0
5956,464,0
5957,464,0
5958,464,0
5959,464,0
5960,464,0
5961,464,0
5962,464,0
5963,464,0
5964,464,0
5965,464,0
5966,464,0
5967,464,0
5968,464,0
5969,464,0
5970,464,0
5971,464,0
5972,464,0
5973,464,0
5974,464,0
5975,464,0
5976,464,0
5977,464,0
5978,464,0
5979,464,0
5980,464,0
5981,464,0
5982,464,0
5983,464,0
5984,464,0
5985,464,0
5986,464,0
5987,464,0
5988,464,0
5989,464,0
5990,464,0
5991,464,0
5992,464,0
5993,464,0
5994,464,0
5995,464,0
5996,464,0
5997,464,0
5998,464,0
5999,464,0
6000,464,0
6001,464,0
6002,464,0
6003,464,0
6004,464,0
6005,464,0
6006,464,0
6007,464,0
6008,464,0
6009,464,0
6010,464,0
6011,464,0
6012,464,0
6013,464,0
6014,464,0
6015,464,0
6016,464,0
6017,464,0
6018,464,0
6019,464,0
6020,464,0
6021,464,0
6022,464,0
6023,464,0
6024,464,0
6025,464,0
6026,464,0
6027,464,0
6028,464,0
6029,464,0
6030,464,0
6031,464,0
6032,464,0
6033,464,0
6034,464,0
6035,464,0
6036,464,0
6037,464,0
6038,464,0
6039,464,0
6040,464,0
6041,464,0
6042,464,0
6043,464,0
6044,464,0
6045,464,0
6046,464,0
6047,464,0
6048,464,0
6049,464,0
6050,464,0
6051,464,0
6052,464,0
6053,464,0
6054,464,0
6055,464,0
6056,464,0
6057,463,0
6058,464,0
6059,464,0
6060,464,0
6061,464,0
6062,464,0
6063,463,0
6064,464,0
6065,464,0
6066,464,0
6067,463,0
6068,464,0
6069,464,0
6070,464,0
6071,464,0
6072,464,0
6073,464,0
6074,463,0
6075,464,0
6076,464,0
6077,464,0
6078,463,0
6079,463,0
6080,463,0
6081,464,0
6082,463,0
6083,463,0
6084,463,0
6085,464,0
6086,463,0
6087,463,0
6088,464,0
6089,463,0
6090,464,0
6091,464,0
6092,463,0
6093,463,0
6094,463,0
6095,463,0
6096,463,0
6097,463,0
6098,463,0
6099,463,0
6100,463,0
6101,463,0
6102,463,0
6103,463,0
6104,463,0
6105,463,0
6106,463,0
6107,463,0
6108,463,0
6109,463,0
6110,463,0
6111,463,0
6112,463,0
6113,463,0
6114,463,0
6115,463,0
6116,463,0
6117,463,0
6118,463,0
6119,463,0
6120,463,0
6121,463,0
6122,463,0
6123,463,0
6124,463,0
6125,463,0
6126,463,0
6127,463,0
6128,463,0
6129,463,0
6130,463,0
6131,463,0
6132,463,0
6133,463,0
6134,463,0
6135,463,0
6136,463,0
6137,463,0
6138,463,0
6139,463,0
6140,463,0
6141,463,0
6142,463,0
6143,463,0
6144,463,0
6145,463,0
6146,463,0
6147,463,0
6148,463,0
6149,463,0
6150,463,0
6151,463,0
6152,463,0
6153,463,0
6154,463,0
6155,463,0
6156,463,0
6157,463,0
6158,463,0
6159,463,0
6160,463,0
6161,463,0
6162,463,0
6163,463,0
6164,463,0
6165,463,0
6166,463,0
6167,463,0
6168,463,0
6169,463,0
6170,464,0
6171,463,0
6172,463,0
6173,463,0
6174,463,0
6175,463,0
6176,463,0
6177,463,0
6178,463,0
6179,463,0
6180,463,0
6181,463,0
6182,463,0
6183,463,0
6184,463,0
6185,463,0
6186,463,0
6187,463,0
6188,463,0
6189,463,0
6190,463,0
6191,463,0
6192,463,0
6193,463,0
6194,463,0
6195,463,0
6196,463,0
6197,463,0
6198,463,0
6199,463,0
6200,463,0
6201,463,0
6202,463,0
6203,463,0
6204,463,0
6205,463,0
6206,463,0
6207,463,0
6208,463,0
6209,463,0
6210,463,0
6211,463,0
6212,463,0
6213,463,0
6214,463,0
6215,463,0
6216,463,0
6217,463,0
6218,463,0
6219,463,0
6220,463,0
6221,463,0
6222,463,0
6223,463,0
6224,463,0
6225,463,0
6226,463,0
6227,463,0
6228,463,0
6229,463,0
6230,463,0
6231,463,0
6232,463,0
6233,463,0
6234,463,0
6235,463,0
6236,463,0
6237,463,0
6238,463,0
6239,463,0
6240,463,0
6241,463,0
6242,463,0
6243,463,0
6244,463,0
6245,463,0
6246,463,0
6247,463,0
6248,463,0
6249,463,0
6250,463,0
6251,463,0
6252,463,0
6253,463,0
6254,463,0
6255,463,0
6256,463,0
6257,463,0
6258,463,0
6259,463,0
6260,463,0
6261,463,0
6262,463,0
6263,463,0
6264,463,0
6265,463,0
6266,463,0
6267,463,0
6268,463,0
6269,463,0
6270,463,0
6271,463,0
6272,463,0
6273,463,0
6274,463,0
6275,463,0
6276,463,0
6277,463,0
6278,463,0
6279,463,0
6280,463,0
6281,463,0
6282,463,0
6283,463,0
6284,463,0
6285,464,0
6286,463,0
6287,463,0
6288,463,0
6289,463,0
6290,463,0
6291,463,0
6292,463,0
6293,463,0
6294,463,0
6295,463,0
6296,463,0
6297,463,0
6298,463,0
6299,463,0
6300,463,0
6301,463,0
6302,463,0
6303,463,0
6304,463,0
6305,463,0
6306,463,0
6307,463,0
6308,463,0
6309,463,0
6310,463,0
6311,463,0
6312,463,0
6313,463,0
6314,463,0
6315,463,0
6316,463,0
6317,463,0
6318,463,0
6319,463,0
6320,463,0
6321,463,0
6322,463,0
6323,463,0
6324,463,0
6325,463,0
6326,463,0
6327,463,0
6328,463,0
6329,463,0
6330,463,0
6331,463,0
6332,463,0
6333,463,0
6334,463,0
6335,463,0
6336,463,0
6337,462,0
6338,463,0
6339,463,0
6340,463,0
6341,463,0
6342,463,0
6343,463,0
6344,462,0
6345,463,0
6346,463,0
6347,463,0
6348,462,0
6349,463,0
6350,463,0
6351,463,0
6352,463,0
6353,463,0
6354,463,0
6355,462,0
6356,463,0
6357,463,0
6358,463,0
6359,463,0
6360,463,0
6361,463,0
6362,462,0
6363,463,0
6364,463,0
6365,463,0
6366,463,0
6367,463,0
6368,463,0
6369,463,0
6370,463,0
6371,463,0
6372,463,0
6373,463,0
6374,463,0
6375,463,0
6376,463,0
6377,462,0
6378,463,0
6379,463,0
6380,462,0
6381,463,0
6382,463,0
6383,462,0
6384,462,0
6385,463,0
6386,463,0
6387,463,0
6388,462,0
6389,463,0
6390,462,0
6391,462,0
6392,463,0
6393,463,0
6394,462,0
6395,462,0
6396,463,0
6397,463,0
6398,462,0
6399,463,0
6400,463,0
6401,462,0
6402,463,0
6403,463,0
6404,463,0
6405,463,0
6406,463,0
6407,463,0
6408,463,0
6409,462,0
6410,463,0
6411,463,0
6412,462,0
6413,462,0
6414,463,0
6415,463,0
6416,463,0
6417,463,0
6418,463,0
6419,463,0
6420,463,0
6421,463,0
6422,462,0
6423,462,0
6424,463,0
6425,463,0
6426,462,0
6427,462,0
6428,463,0
6429,462,0
6430,462,0
6431,463,0
6432,463,0
6433,463,0
6434,463,0
6435,463,0
6436,462,0
6437,462,0
6438,462,0
6439,463,0
6440,462,0
6441,462,0
6442,463,0
6443,462,0
6444,462,0
6445,462,0
6446,463,0
6447,462,0
6448,462,0
6449,463,0
6450,463,0
6451,463,0
6452,463,0
6453,462,0
6454,462,0
6455,462,0
6456,462,0
6457,463,0
6458,462,0
6459,462,0
6460,463,0
6461,462,0
6462,462,0
6463,463,0
6464,462,0
6465,463,0
6466,462,0
6467,462,0
6468,462,0
6469,462,0
6470,463,0
6471,462,0
6472,463,0
6473,462,0
6474,463,0
6475,462,0
6476,462,0
6477,462,0
6478,463,0
6479,462,0
6480,463,0
6481,462,0
6482,463,0
6483,462,0
6484,462,0
6485,463,0
6486,462,0
6487,462,0
6488,462,0
6489,462,0
6490,462,0
6491,462,0
6492,463,0
6493,462,0
6494,462,0
6495,462,0
6496,463,0
6497,462,0
6498,462,0
6499,462,0
6500,462,0
6501,462,0
6502,462,0
6503,462,0
6504,462,0
6505,462,0
6506,462,0
6507,462,0
6508,462,0
6509,462,0
6510,462,0
6511,462,0
6512,462,0
6513,462,0
6514,462,0
6515,462,0
6516,462,0
6517,462,0
6518,462,0
6519,462,0
6520,462,0
6521,462,0
6522,462,0
6523,462,0
6524,462,0
6525,462,0
6526,462,0
6527,462,0
6528,462,0
6529,462,0
6530,462,0
6531,462,0
6532,462,0
6533,462,0
6534,462,0
6535,462,0
6536,462,0
6537,462,0
6538,462,0
6539,462,0
6540,462,0
6541,462,0
6542,462,0
6543,462,0
6544,462,0
6545,462,0
6546,462,0
6547,462,0
6548,462,0
6549,462,0
6550,462,0
6551,462,0
6552,462,0
6553,462,0
6554,462,0
6555,462,0
6556,462,0
6557,462,0
6558,462,0
6559,462,0
6560,462,0
6561,462,0
6562,462,0
6563,462,0
6564,462,0
6565,462,0
6566,462,0
6567,462,0
6568,462,0
6569,462,0
6570,462,0
6571,462,0
6572,462,0
6573,462,0
6574,462,0
6575,462,0
6576,462,0
6577,462,0
6578,462,0
6579,462,0
6580,462,0
6581,462,0
6582,462,0
6583,462,0
6584,462,0
6585,462,0
6586,462,0
6587,462,0
6588,462,0
6589,462,0
6590,462,0
6591,462,0
6592,462,0
6593,462,0
6594,462,0
6595,462,0
6596,462,0
6597,462,0
6598,462,0
6599,462,0
6600,462,0
6601,461,0
6602,462,0
6603,462,0
6604,462,0
6605,462,0
6606,462,0
6607,462,0
6608,462,0
6609,462,0
6610,462,0
6611,462,0
6612,462,0
6613,462,0
6614,462,0
6615,462,0
6616,462,0
6617,462,0
6618,462,0
6619,462,0
6620,462,0
6621,462,0
6622,462,0
6623,462,0
6624,462,0
6625,462,0
6626,462,0
6627,462,0
6628,462,0
6629,462,0
6630,462,0
6631,462,0
6632,462,0
6633,462,0
6634,462,0
6635,462,0
6636,462,0
6637,462,0
6638,462,0
6639,462,0
6640,462,0
6641,462,0
6642,462,0
6643,462,0
6644,462,0
6645,462,0
6646,462,0
6647,462,0
6648,462,0
6649,462,0
6650,462,0
6651,462,0
6652,462,0
6653,462,0
6654,462,0
6655,462,0
6656,462,0
6657,462,0
6658,462,0
6659,462,0
6660,462,0
6661,462,0
6662,462,0
6663,462,0
6664,462,0
6665,462,0
6666,462,0
6667,461,0
6668,462,0
6669,462,0
6670,462,0
6671,462,0
6672,462,0
6673,462,0
6674,462,0
6675,462,0
6676,462,0
6677,462,0
6678,462,0
6679,461,0
6680,462,0
6681,462,0
6682,462,0
6683,462,0
6684,462,0
6685,462,0
6686,462,0
6687,462,0
6688,462,0
6689,462,0
6690,461,0
6691,462,0
6692,462,0
6693,462,0
6694,462,0
6695,462,0
6696,461,0
6697,461,0
6698,462,0
6699,462,0
6700,462,0
6701,462,0
6702,462,0
6703,462,0
6704,462,0
6705,462,0
6706,462,0
6707,462,0
6708,461,0
6709,462,0
6710,462,0
6711,461,0
6712,462,0
6713,462,0
6714,461,0
6715,462,0
6716,462,0
6717,462,0
6718,462,0
6719,461,0
6720,462,0
6721,462,0
6722,461,0
6723,462,0
6724,462,0
6725,462,0
6726,461,0
6727,462,0
6728,462,0
6729,461,0
6730,461,0
6731,462,0
6732,461,0
6733,461,0
6734,462,0
6735,462,0
6736,461,0
6737,462,0
6738,462,0
6739,462,0
6740,461,0
6741,462,0
6742,461,0
6743,461,0
6744,461,0
6745,462,0
6746,462,0
6747,461,0
6748,461,0
6749,462,0
6750,461,0
6751,462,0
6752,462,0
6753,461,0
6754,461,0
6755,461,0
6756,462,0
6757,461,0
6758,461,0
6759,461,0
6760,461,0
6761,461,0
6762,461,0
6763,462,0
6764,461,0
6765,461,0
6766,461,0
6767,462,0
6768,461,0
6769,461,0
6770,461,0
6771,461,0
6772,461,0
6773,461,0
6774,462,0
6775,461,0
6776,461,0
6777,462,0
6778,461,0
6779,461,0
6780,461,0
6781,461,0
6782,461,0
6783,461,0
6784,462,0
6785,461,0
6786,461,0
6787,461,0
6788,461,0
6789,461,0
6790,461,0
6791,461,0
6792,461,0
6793,461,0
6794,462,0
6795,461,0
6796,461,0
6797,462,0
6798,461,0
6799,462,0
6800,461,0
6801,461,0
6802,461,0
6803,461,0
6804,462,0
6805,462,0
6806,461,0
6807,461,0
6808,461,0
6809,461,0
6810,461,0
6811,461,0
6812,461,0
6813,461,0
6814,461,0
6815,461,0
6816,461,0
6817,461,0
6818,461,0
6819,461,0
6820,461,0
6821,461,0
6822,461,0
6823,461,0
6824,461,0
6825,461,0
6826,461,0
6827,461,0
6828,461,0
6829,461,0
6830,461,0
6831,461,0
6832,461,0
6833,461,0
6834,461,0
6835,461,0
6836,461,0
6837,461,0
6838,461,0
6839,461,0
6840,461,0
6841,461,0
6842,461,0
6843,461,0
6844,461,0
6845,461,0
6846,461,0
6847,461,0
6848,461,0
6849,461,0
6850,461,0
6851,461,0
6852,461,0
6853,461,0
6854,461,0
6855,461,0
6856,461,0
6857,461,0
6858,461,0
6859,461,0
6860,461,0
6861,461,0
6862,461,0
6863,461,0
6864,461,0
6865,461,0
6866,461,0
6867,461,0
6868,461,0
6869,462,0
6870,461,0
6871,461,0
6872,461,0
6873,461,0
6874,461,0
6875,461,0
6876,461,0
6877,461,0
6878,461,0
6879,461,0
6880,461,0
6881,462,0
6882,461,0
6883,461,0
6884,461,0
6885,461,0
6886,461,0
6887,461,0
6888,461,0
6889,461,0
6890,461,0
6891,461,0
6892,461,0
6893,461,0
6894,461,0
6895,461,0
6896,461,0
6897,461,0
6898,461,0
6899,461,0
6900,461,0
6901,461,0
6902,461,0
6903,461,0
6904,461,0
6905,461,0
6906,461,0
6907,461,0
6908,461,0
6909,461,0
6910,461,0
6911,461,0
6912,461,0
6913,461,0
6914,461,0
6915,461,0
6916,461,0
6917,461,0
6918,461,0
6919,461,0
6920,461,0
6921,461,0
6922,462,0
6923,461,0
,,